"Date","Pday","Tmean","Tmin","Tmax","vpd","vpdMax"
2018-10-01,0,9.06006944444444,6.9,11.57,0.0750489128140944,0.332205355994955
2018-10-02,0,8.58305555555556,5.95,13.9,0.28064597531245,0.699191059637278
2018-10-03,0,11.9476388888889,6.62,17.35,0.430412266025223,0.851907341834533
2018-10-04,0,15.9259027777778,10.11,22.9,0.793272233247189,1.78088951306351
2018-10-05,0,16.1983333333333,10.47,22.7,0.805195353137527,1.66218667796029
2018-10-06,0.4,12.0082638888889,7.39,20.56,0.388121436665614,1.50327779155269
2018-10-07,5.5,7.29923611111111,5.99,9.7,0.095139814610999,0.284595092566544
2018-10-08,9.9,8.73631944444444,7.7,10.39,0.00906241243842543,0.0101204543691247
2018-10-09,0.1,10.7390972222222,6.33,16.14,0.294686312392843,0.727958222616354
2018-10-10,0,12.7165972222222,10.1,15.76,0.430274483191914,0.734220420337118
2018-10-11,0,13.9256944444444,11.12,16.9,0.274102567724658,0.494670163695271
2018-10-12,0,16.414375,13.63,19.71,0.770230431915934,1.35706729254686
2018-10-13,0,17.599375,13.12,21.5,0.706728047706896,1.14502297547126
2018-10-14,25.7,11.1728472222222,6.8,17.3,0.137652302433519,0.570175700880129
2018-10-15,0,10.5467361111111,6.26,15.74,0.340003314945639,0.803210492367245
2018-10-16,0,10.6274305555556,8.56,13.6,0.113675357346003,0.349772179619699
2018-10-17,0,11.5951388888889,6,17.4,0.15345414330736,0.703227754900797
2018-10-18,7.2,11.1036111111111,10.11,11.69,0.0105802227638493,0.0110329746406312
2018-10-19,4.6,11.4538888888889,9.94,12.9,0.00962265505440725,0.0108233662896595
2018-10-20,0.2,11.1652083333333,9.81,12.9,0.00933608464031924,0.0104532807612875
2018-10-21,0,13.2396527777778,9.45,18.33,0.128420057161154,0.576485589717424
2018-10-22,0,9.63138888888889,7.75,12.46,0.0703228696460798,0.444620300011688
2018-10-23,0,8.64590277777778,7.13,11.39,0.0394734907497127,0.269573060919815
2018-10-24,0,8.98930555555556,6.68,12.21,0.212432912927639,0.955826884949411
2018-10-25,0,11.8084027777778,8.95,14.9,0.372607791278634,0.933438654139992
2018-10-26,4.6,9.70902777777778,6.3,13.2,0.11304161080365,0.523391362956451
2018-10-27,9.6,2.86548611111111,0.12,6.45,0.00769932129850278,0.0711896212114044
2018-10-28,17.3,0.469861111111111,0,1.59,0.00540776334559802,0.0314274923653085
2018-10-29,16.3,0.927361111111111,0,3.8,0.0276424404720968,0.224128766120639
2018-10-30,0.2,3.12416666666667,0.12,5,0.0785425056603223,0.13962955769381
2018-10-31,11,5.24006944444444,4.36,6.75,0.0209090865157476,0.109896929161089
2018-11-01,0.4,6.40916666666667,4.13,8.8,0.121462361931695,0.256787641510197
2018-11-02,9.3,6.41979166666667,4.42,8.8,0.00774966470760203,0.0226880068147673
2018-11-03,0,6.55131944444444,3.42,9.88,0.298892650125164,1.00969483272649
2018-11-04,0,7.27451388888889,3.11,11.4,0.377969518903715,0.661319942267186
2018-11-05,2.6,5.77590277777778,2.53,8.8,0.091295145552816,0.316399871348585
2018-11-06,2.8,5.57784722222222,2.72,9.44,0.0933875678335817,0.312191551009982
2018-11-07,0,8.13243055555555,3.82,12.4,0.249849097979551,0.749317167940109
2018-11-08,2.6,6.65465277777778,3.21,10.6,0.187133242045415,0.421924964465946
2018-11-09,0,6.25784722222222,3.89,8.18,0.133161248927221,0.38488560100374
2018-11-10,0,10.7303472222222,8.41,13.69,0.232830458714613,0.486764544597531
2018-11-11,0.7,11.4738888888889,9.39,13.9,0.338089202734109,0.514123481485089
2018-11-12,6.6,8.51826388888889,6.48,12.5,0.0364035464011684,0.410657562181282
2018-11-13,0.1,8.24888888888889,5.89,11.9,0.021383850603151,0.152422634294152
2018-11-14,0.1,9.83451388888889,8.16,11.96,0.0714780761406081,0.337641876074553
2018-11-15,0,11.1755555555556,8.86,14.56,0.163858902911758,0.472435317803154
2018-11-16,0,10.0309722222222,8.43,12.5,0.0722043816571344,0.35493456303525
2018-11-17,0,8.72680555555556,7.6,11.6,0.0319025137577597,0.191932032142047
2018-11-18,0.5,7.033125,6.1,7.9,0.0205620890995193,0.0759683016300452
2018-11-19,0,7.21284722222222,4.13,11.4,0.0933193391582636,0.337248124218721
2018-11-20,4.6,1.39743055555556,0,4.41,0.00496823648096636,0.00668625388364518
2018-11-21,0.2,4.12722222222222,0.47,7,0.0652685517387523,0.200398910275747
2018-11-22,0,6.05541666666667,4.64,7.81,0.18363518585358,0.345374958233412
2018-11-23,4.6,5.02076388888889,2.86,7.48,0.143463215017362,0.372266949729113
2018-11-24,0,6.24055555555556,4.66,7.8,0.191621165197127,0.317201319546425
2018-11-25,3.6,5.46652777777778,3.29,8.61,0.159083676766942,0.444937401667076
2018-11-26,13.4,3.81819444444444,1.75,5.8,0.0296129308596121,0.123028256390318
2018-11-27,0,5.15631944444444,2.62,8.17,0.198500947571118,0.344524669037655
2018-11-28,0,7.85819444444444,5.61,11.9,0.494228726030974,0.805562794643771
2018-11-29,2.5,6.80090277777778,3.72,10.7,0.395492793286064,0.898754283273797
2018-11-30,0,5.16395833333333,2.91,7.3,0.0927965785835061,0.202579866767099
2018-12-01,1,5.26027777777778,3.19,6.98,0.05711400441111,0.185519294006042
2018-12-02,0,7.26291666666667,6.3,8.76,0.125065504360701,0.234475705033291
2018-12-03,0.2,8.38715277777778,6.37,10.5,0.0636731648868084,0.159184482726488
2018-12-04,0.1,10.3370138888889,8.11,12.9,0.15424420724946,0.564029163362611
2018-12-05,0,10.6639583333333,7.2,15.57,0.425271189646193,0.929416065910829
2018-12-06,0,7.28208333333333,4.85,10.78,0.0586106842788251,0.262079810534402
2018-12-07,0.3,6.07951388888889,3.82,10,0.133520141239427,0.357671147792696
2018-12-08,0,6.55208333333333,3.34,10.41,0.256808632710441,0.517575715656387
2018-12-09,0,7.22673611111111,5.5,9.74,0.161630206735247,0.310452656664248
2018-12-10,0,5.82131944444444,4.49,8.12,0.108923698908576,0.276206145663306
2018-12-11,0,8.67458333333333,4.71,12.21,0.627552202159691,0.917223757954323
2018-12-12,0,5.90125,3.93,7.9,0.101340584501346,0.31545264497016
2018-12-13,19.9,4.87055555555556,3.39,7.29,0.045398770564203,0.213313805363879
2018-12-14,1.7,4.38625,3.28,5.9,0.0898825956164147,0.241586640890819
2018-12-15,0,6.92416666666667,4.43,9.23,0.0864607259623568,0.203104800246203
2018-12-16,8.1,6.828125,2.85,10.8,0.155368534499144,0.477464073953991
2018-12-17,0,2.97375,0.59,5.35,0.145260356723553,0.283692596251136
2018-12-18,0,3.10520833333333,0,7.41,0.120716964763938,0.48872459057887
2018-12-19,0,4.85083333333333,3.25,7.62,0.182045014185539,0.360938567063692
2018-12-20,0,5.78791666666667,3.44,8.8,0.154825632401503,0.345796563821317
2018-12-21,0,7.94194444444444,6.72,9.9,0.149186841187647,0.23856018162115
2018-12-22,0,8.22881944444444,5.96,11.8,0.115956182144578,0.306452307653918
2018-12-23,0,8.06034722222222,6.1,12.21,0.179972528071089,0.472410849442847
2018-12-24,0,8.61243055555556,4.35,11.86,0.291785791552252,0.595267930378416
2018-12-25,0,9.37770833333333,2.83,14.8,0.402234902139466,0.871596567353791
2018-12-26,0,3.07444444444444,0.85,8.6,0.0507064309977236,0.375912611896288
2018-12-27,0,8.27486111111111,3.71,13.27,0.529554629131157,0.930380542660327
2018-12-28,0.1,5.435625,4.74,6.5,0.0192525597746381,0.17884201468211
2018-12-29,0.1,3.97875,0.81,5.65,0.00589624432108672,0.00733074581948456
2018-12-30,0,4.696875,0.11,8.4,0.294155380260106,0.693794662730797
2018-12-31,0,8.48333333333333,6.64,11.3,0.529438865068493,0.999927147397943
2019-01-01,0,5.05888888888889,1.1,9.9,0.175193615779582,0.641150426482911
2019-01-02,0.4,1.31777777777778,-0.9,2.9,0.00502908614655495,0.00604503610383253
2019-01-03,0,1.44208333333333,-0.89,4.8,0.173349347390518,0.66521154420148
2019-01-04,0,4.35083333333333,1.68,6.53,0.621653438369372,0.771046149249968
2019-01-05,0,5.901875,2.63,8.9,0.635453855625754,0.809354420586037
2019-01-06,0,1.51909722222222,-0.88,4.9,0.144307079533583,0.675983434576268
2019-01-07,0,0.360555555555556,-0.9,0.98,0.00830482340512516,0.0340175748889777
2019-01-08,0,1.34451388888889,0.22,2.9,0.00527959509333552,0.00604503610383253
2019-01-09,3.7,2.56548611111111,0.75,3.89,0.0058530890284574,0.00648284059766158
2019-01-10,0.3,-0.141180555555556,-1.89,0.98,0.00443016568853103,0.00541548012801602
2019-01-11,0.4,0.183819444444444,-2,1.8,0.00504199869871382,0.0119644977522969
2019-01-12,1.4,2.32333333333333,1.18,3.9,0.00508097206797383,0.00567647690569842
2019-01-13,0,3.15729166666667,2.1,4.8,0.00554647544709789,0.00667220776847855
2019-01-14,0,4.30451388888889,3.29,5.9,0.00809603836645507,0.0472989787642407
2019-01-15,0,5.16333333333333,2.48,11,0.105301690351205,0.550287924423246
2019-01-16,0,2.99423611111111,0.67,8.6,0.125125756233194,0.383708858435331
2019-01-17,2.1,2.11506944444444,0.91,5.38,0.0217878012888301,0.157382465852933
2019-01-18,0,1.23590277777778,0.18,3.1,0.0415730589345338,0.108064367603606
2019-01-19,0,1.25229166666667,0.44,2.7,0.0183163956273228,0.0694123752023961
2019-01-20,19.8,2.22763888888889,1.14,3.8,0.00509927847469039,0.00587569957125362
2019-01-21,3.7,0.832916666666667,0.11,1.9,0.0048928926315426,0.0427610979711202
2019-01-22,11.1,0.449583333333333,0.1,1.8,0.0229722299237629,0.139972577202586
2019-01-23,66,3.09833333333333,0.1,4.97,0.00915195974328922,0.054853058000001
2019-01-24,61.2,3.08152777777778,1.93,5.6,0.00536984633428101,0.00639219734828932
2019-01-25,9.6,4.70319444444444,3.83,5.9,0.00600982062714317,0.00652645371694546
2019-01-26,0,5.63881944444444,2.44,10.7,0.163616569558309,0.497753989956051
2019-01-27,4,2.88451388888889,1.12,5.8,0.0934765017400561,0.217768909944969
2019-01-28,19.5,3.10798611111111,1.21,5.8,0.0353626028414334,0.179628135427632
2019-01-29,5.1,2.45756944444444,0.25,5.8,0.055123514916908,0.183239321321913
2019-01-30,2.5,1.87194444444444,0.1,4.85,0.0967830533372252,0.348688842845588
2019-01-31,19.3,6.701875,2.66,10.6,0.0359305075279036,0.165494084316778
2019-02-01,2.7,2.50423611111111,0.1,4.97,0.0742715817858557,0.200838136709127
2019-02-02,32.4,0.212222222222222,-1,0.99,0.00461880911778612,0.00526984795087326
2019-02-03,3.8,-0.0048611111111111,-1,0.91,0.00611543907883415,0.0313767923504941
2019-02-04,0,1.82715277777778,-1.57,4.2,0.173546156020744,0.337336936439465
2019-02-05,0,6.07763888888889,2.87,10.9,0.145139534515937,0.435869416295838
2019-02-06,0,7.86951388888889,4.93,11.6,0.262937745208878,0.518689217177248
2019-02-07,0,5.16215277777778,2.81,8.2,0.0583371056185438,0.310779387278254
2019-02-08,0,5.58534722222222,1.43,9.78,0.228694479288587,0.583183849145375
2019-02-09,0,6.28402777777778,3.22,8.9,0.235572591942842,0.399357191130717
2019-02-10,5.5,4.70006944444444,1.62,6.98,0.0720891032824772,0.276711136176514
2019-02-11,3.4,2.54354166666667,1.36,4.5,0.029565055131397,0.128897976803402
2019-02-12,0,4.65513888888889,0.94,7.91,0.173712969472399,0.387959541246117
2019-02-13,0,6.43333333333333,3.69,10.93,0.323176376339609,0.586604657290714
2019-02-14,0,4.37673611111111,1.47,7.99,0.150617257746578,0.34518487946609
2019-02-15,0,5.81256944444444,1.81,11.1,0.257480181930576,0.617382578396272
2019-02-16,0,6.58305555555556,2.41,10.74,0.354397020274917,0.672718490335622
2019-02-17,0,6.76708333333333,1.47,11.98,0.602930806779405,0.995986955245329
2019-02-18,0,4.87722222222222,1.32,8.6,0.17621718583618,0.519003733668359
2019-02-19,0,4.8875,2.63,8.85,0.0409106316389412,0.178419785917587
2019-02-20,0,5.63604166666667,2.21,11.9,0.127876370507702,0.510545906245823
2019-02-21,0,7.216875,2.73,13.9,0.24555833818459,0.796774215944652
2019-02-22,0,10.5036805555556,5.16,17.6,0.722483742480439,1.49462318014884
2019-02-23,0,11.108125,6.59,15.6,0.819172055462576,1.21005596325318
2019-02-24,0,10.8436111111111,6.56,16.4,0.698020818795716,1.16563369883014
2019-02-25,0,11.3450694444444,7.14,18.25,0.631239520381369,1.26580631726364
2019-02-26,0,10.6254861111111,6,16.9,0.542013534110772,1.1941437829897
2019-02-27,0,11.6743055555556,6.91,19.68,0.806444287117048,1.8574832904627
2019-02-28,0,7.385,5.58,11.7,0.133775136271052,0.431122379474588
2019-03-01,0,7.80034722222222,4.34,11.81,0.262861301288799,0.466044128630057
2019-03-02,0,9.45305555555556,5.96,13.6,0.342268284817665,0.691615188873683
2019-03-03,0,11.4345138888889,6.71,17.5,0.792029276137508,1.37926854787997
2019-03-04,0,7.07930555555556,3.77,11.54,0.229825133353163,0.730413619724149
2019-03-05,0,7.78638888888889,2.34,11.88,0.409264839977183,0.707405031109712
2019-03-06,0.7,8.29284722222222,2.92,12.36,0.327571568976994,0.682612851392994
2019-03-07,0,4.25756944444444,0.23,7.98,0.196469316761701,0.456183262723503
2019-03-08,1.4,5.25027777777778,3.32,7.66,0.0935981326960508,0.351856534461066
2019-03-09,0,10.3552777777778,5.57,15.8,0.352138451964324,0.772209293484313
2019-03-10,5,8.22659722222222,4.64,11.83,0.0796996487646769,0.29671752323469
2019-03-11,4,4.67805555555556,2.9,7.8,0.0755083041450036,0.298443557852582
2019-03-12,0.6,8.16305555555556,2.43,16.73,0.357946463279372,1.15992012017686
2019-03-13,4.3,2.47951388888889,0.8,5.9,0.0346276199149531,0.187309221676335
2019-03-14,1.1,4.05138888888889,1.67,8.44,0.0829064447666906,0.31843454250373
2019-03-15,0,5.89701388888889,2.9,10.21,0.141007021825241,0.438977902437862
2019-03-16,0,12.8282638888889,6.67,20.7,0.90945399102866,1.97762619695175
2019-03-17,2.3,4.24118055555556,0.99,11.92,0.0829653120193517,0.882697737145267
2019-03-18,4.6,2.30215277777778,0.76,5.5,0.00815548462140775,0.055578092182997
2019-03-19,12.4,2.82861111111111,1.87,4.24,0.00526765568396679,0.00581366952372455
2019-03-20,0.3,3.17826388888889,1.75,7.3,0.109765413791136,0.3857205713822
2019-03-21,0,5.20784722222222,2.35,9.23,0.155005519907108,0.510401843072122
2019-03-22,0,8.44152777777778,3.57,15.21,0.571530508941153,1.24270086245889
2019-03-23,0,12.00125,8.1,17.9,0.782417337455511,1.28147580974282
2019-03-24,0,11.1154861111111,4.89,15.4,0.565381197990025,0.935735801957594
2019-03-25,0,4.63729166666667,1.93,7.34,0.0777554815998952,0.354748761567054
2019-03-26,0,3.90659722222222,1.2,8.7,0.247912562757052,0.706000317440986
2019-03-27,0,4.75229166666667,1.72,9.8,0.193628555602944,0.628172755929148
2019-03-28,0,5.556875,2.79,10.9,0.142558574598598,0.482806882474545
2019-03-29,0,9.2375,2.58,15.45,0.621994130013034,1.15034335228992
2019-03-30,0,9.60305555555555,3.11,16.47,0.611078471029408,1.23096757234352
2019-03-31,0,10.5997916666667,6.12,16.35,0.66744637900692,1.16858383551817
2019-04-01,0,7.52569444444444,5.1,10.58,0.187789747455762,0.385207056801251
2019-04-02,1.2,6.91326388888889,3.61,11.69,0.121585053426758,0.487519566932891
2019-04-03,1,2.14590277777778,-0.89,4.46,0.0516755368231468,0.280464400826526
2019-04-04,1.8,3.503125,-2,8.89,0.268398462153237,0.739376899935752
2019-04-05,0,4.55520833333333,2.51,7.81,0.207633679680808,0.377338217098045
2019-04-06,0.3,3.625,0.16,8.49,0.171091664585587,0.472371021860144
2019-04-07,0.1,4.96333333333333,1.17,9.6,0.21356596064535,0.614198249309104
2019-04-08,NA,9.69631944444444,6.81,11.9,0.123216234613549,0.320713060596
2019-04-09,NA,8.89194444444444,5.59,14.9,0.21543588032623,0.756689763344044
2019-04-10,NA,8.13916666666667,5.6,11.72,0.114883737168863,0.467059892994844
2019-04-11,NA,8.31479166666667,6.82,9.85,0.0886875106697401,0.208649828817986
2019-04-12,NA,9.84152777777778,5.59,13.7,0.326423824154633,0.74352984740319
2019-04-13,NA,11.5453472222222,0.62,22.35,0.830328030329613,2.17128639162245
2019-04-14,NA,15.1726388888889,9.95,20.9,0.606161767952054,1.18356876643072
2019-04-15,NA,14.0067361111111,10.33,22.9,0.27605158516238,1.25487480505772
2019-04-16,NA,14.2367361111111,8.25,19.74,0.585553432983889,1.31087414104297
2019-04-17,NA,15.6679166666667,11.21,19.16,0.653511734097107,1.05973874440583
2019-04-18,NA,13.2028472222222,11.51,16.5,0.287641318482775,0.750624126261943
2019-04-19,NA,14.5740972222222,10.36,19.47,0.531666047045972,1.10680543398773
2019-04-20,NA,13.9741666666667,8.26,19.2,0.490532246083132,1.15795777875674
2019-04-21,NA,11.5727083333333,7.49,15.42,0.275668782159129,0.744583891349589
2019-04-22,NA,14.3652083333333,9.9,18.7,0.531009617585645,1.0982073854805
2019-04-23,NA,11.6888888888889,8.78,15.16,0.306839156361205,0.507338529889916
2019-04-24,NA,9.92555555555556,6.85,13.66,0.307188371553278,0.631304305787806
2019-04-25,NA,10.2276388888889,7.17,14,0.405080286412357,0.89551050515225
2019-04-26,NA,10.2639583333333,9.2,13.6,0.280393073123229,0.616339648960884
2019-04-27,NA,10.9095138888889,7.53,15.3,0.212018948823895,0.580637752083241
2019-04-28,NA,12.0827777777778,8.26,17.92,0.434405135803501,1.0292301993243
2019-04-29,NA,13.1752777777778,5.7,20.8,0.521427033891854,1.27036915238204
2019-04-30,NA,13.3321527777778,7.26,19.93,0.54286617558784,1.45752242767614
2019-05-01,0,9.558125,4.79,13.78,0.368051634232923,0.683609855623245
2019-05-02,0,6.51131944444444,4.2,10.3,0.119310522949802,0.429931359382252
2019-05-03,4.9,4.93861111111111,3.53,6.7,0.00661004996968341,0.0122534161050834
2019-05-04,3.6,6.43722222222222,3.29,10.97,0.115601066562339,0.434434593901399
2019-05-05,0.1,4.01423611111111,0.12,8.65,0.241641187588116,0.625107776556173
2019-05-06,0,9.57229166666667,2.68,17.8,0.55168838330054,1.17138341644083
2019-05-07,0,13.7086805555556,9.44,18.12,0.686413094294269,1.14084998363356
2019-05-08,0,12.9317361111111,8.17,16.8,0.654238756048745,1.17735294189407
2019-05-09,19.8,9.63298611111111,5.73,13.78,0.346161422579505,0.797090508959544
2019-05-10,2.7,13.2352083333333,9.12,19.7,0.216825838958907,1.19672736997718
2019-05-11,0.2,8.43798611111111,5.87,12.8,0.106187704415029,0.528896955518223
2019-05-12,0,8.49298611111111,4.21,13.2,0.22676754281616,0.61972248313912
2019-05-13,0,9.37958333333333,5.35,13.6,0.481482732905585,1.12561590019893
2019-05-14,0,12.8490972222222,7.43,19.2,0.670929557905244,1.31358766147819
2019-05-15,0,14.9324305555556,11.33,19.53,0.958298507433574,1.46391706301715
2019-05-16,5.6,11.3415277777778,5.34,17.96,0.481892723236124,1.18447971434832
2019-05-17,9.8,5.98319444444444,3.85,7.7,0.0466280566764854,0.155540089624984
2019-05-18,1.5,4.979375,2.32,6.9,0.0936388707601947,0.186130281779878
2019-05-19,1.3,6.42416666666667,4.6,9.11,0.0720487987200895,0.229178997665281
2019-05-20,0,8.36097222222222,4.14,13.58,0.215104872697101,0.660185083370799
2019-05-21,0,9.94472222222222,5.61,14.64,0.252491963769319,0.671658876624678
2019-05-22,0,13.9700694444444,7.35,19.92,0.557008826402625,1.21031935804441
2019-05-23,1.5,13.3684722222222,8.7,17.26,0.447256403965806,1.03139672334947
2019-05-24,4.7,7.87652777777778,6.56,8.8,0.00757318148870773,0.00907065178810527
2019-05-25,2.2,7.70305555555556,6.49,9.19,0.00739607571612435,0.00817059413214915
2019-05-26,3.1,8.37520833333333,6.71,9.95,0.00774951847033977,0.00859864978303586
2019-05-27,9.8,9.038125,6.85,11.78,0.00811554656560341,0.00971140442439952
2019-05-28,1.3,7.11673611111111,5.6,9.8,0.0210946347326429,0.188478369030176
2019-05-29,3.7,8.55027777777778,6.1,12.3,0.0298268285852307,0.16896723521707
2019-05-30,0,15.3059722222222,8.2,20.94,0.637351123223284,1.46445928730528
2019-05-31,0,20.2881944444444,14.91,25.42,1.23115689388483,2.10804974103159
2019-06-01,0,21.2954861111111,15.1,28.4,1.36993147025245,2.84517872265175
2019-06-02,0,18.326875,12.46,27.3,1.01083278294574,2.03364200263097
2019-06-03,0,15.2009722222222,11.79,19.73,0.534978573909282,0.909217908811695
2019-06-04,5.3,13.3654861111111,7.44,21.87,0.356272256141484,1.3635853236797
2019-06-05,5.1,7.53333333333333,5.69,10.6,0.0685345864155031,0.293338226957339
2019-06-06,0,11.9559027777778,5.96,19.1,0.644549602702991,1.61231023295133
2019-06-07,1.2,8.92631944444445,6.19,15.6,0.335258681787719,0.936968002761215
2019-06-08,0,9.69590277777778,5.7,15.44,0.211903297091036,0.630594124398326
2019-06-09,1.3,9.01506944444444,6.83,12.97,0.0350890093890472,0.244105284931657
2019-06-10,3.7,7.03361111111111,5.43,10.8,0.0259125403723643,0.205415637969709
2019-06-11,1.3,7.10402777777778,4.58,10.29,0.118624305094286,0.32266818226095
2019-06-12,0,8.52659722222222,4.33,13.87,0.276757137719826,0.752767794246598
2019-06-13,0.7,9.26534722222222,5.75,15.93,0.111018672835964,0.548690111519379
2019-06-14,0,8.37708333333333,6.81,9.9,0.00781416420976819,0.00979416347501106
2019-06-15,0,10.6035416666667,7.15,15.7,0.237379629929369,0.672645955443458
2019-06-16,0,14.1904166666667,7.86,22.65,0.430684970863104,1.37640481016456
2019-06-17,0,18.6545833333333,11.21,27.8,0.904984042545332,2.66758236458676
2019-06-18,0,20.6790972222222,15.35,27.9,1.50310462715119,3.14611560965252
2019-06-19,1.1,14.843125,10.72,19.59,0.358448676012041,1.04570422133016
2019-06-20,3.6,11.1030555555556,10.21,11.9,0.00988260196019948,0.0111207488983541
2019-06-21,7.2,10.1815972222222,8.41,12.8,0.0173224542365816,0.0788595345861064
2019-06-22,0.1,17.5903472222222,8.84,24.31,0.949633952789029,1.80416447063556
2019-06-23,0,18.7207638888889,14.31,26.73,0.814649960713286,2.20984837361307
2019-06-24,0,17.3932638888889,13.1,25.44,0.615557817751006,1.9052262215274
2019-06-25,0,17.4083333333333,13.89,22.37,0.43623577267675,0.902568815243989
2019-06-26,0.2,23.2960416666667,14.24,31.6,1.46878299172068,3.1938687101218
2019-06-27,0,26.0220138888889,14.98,31.65,2.3500057997657,3.62894347480725
2019-06-28,0,19.3688194444444,13.51,25.2,0.665922552897448,1.50431663695644
2019-06-29,0.7,21.9138888888889,13.15,32.22,1.34305735653054,3.50624513123661
2019-06-30,0.3,14.9556944444444,11.36,22.78,0.195161697894335,1.04895175230215
2019-07-01,1.4,12.4817361111111,11.5,13.83,0.0342040407002903,0.309647402700467
2019-07-02,0.9,13.04,11.68,14.9,0.0110370242014299,0.0136031263666961
2019-07-03,1.2,17.7098611111111,12.52,25.2,0.234295141779174,1.08172261754121
2019-07-04,1.2,22.9070138888889,16.87,29.49,1.28009303318343,2.81662345843933
2019-07-05,0,21.3119444444444,15.77,26.61,0.816500589271226,1.50798421554959
2019-07-06,0.1,17.489375,14.41,25.99,0.262121148860691,1.57809271703659
2019-07-07,0.7,14.9129166666667,13.28,19.78,0.0537862118805654,0.518522800488104
2019-07-08,3.4,14.3747222222222,13.37,16.6,0.0115185188621212,0.0132706819882994
2019-07-09,3,14.2436805555556,11.94,17.7,0.0989020168094443,0.513285537613136
2019-07-10,0,17.2188888888889,11.18,22.8,0.876440386735233,1.60933855403483
2019-07-11,0,19.6145138888889,15.35,25.54,1.31924735590132,2.13543273682932
2019-07-12,0,19.3254861111111,13.47,24.94,1.22747056236244,2.12231161486065
2019-07-13,0,15.8042361111111,12.86,18.79,0.253864589471523,0.764556462146969
2019-07-14,0,16.90625,13.36,22.71,0.548408845675641,1.37758226914837
2019-07-15,0,16.7716666666667,12.39,21.6,0.64131121589451,1.25364806722877
2019-07-16,0,16.28,12.23,22.51,0.509662568138185,1.22763776231029
2019-07-17,0,13.7734722222222,12.34,14.91,0.0292218209476586,0.203415442798472
2019-07-18,0,15.2125694444444,11.81,20.75,0.288094888047471,1.02860723825106
2019-07-19,0,19.6675,13.1,29.43,0.987737645464446,2.72690947523648
2019-07-20,0,16.8390277777778,14.4,21.9,0.245463584868937,0.952880694409801
2019-07-21,0.1,16.0918055555556,14.17,21.4,0.0561654448894214,0.493684341336273
2019-07-22,0.3,23.0849305555556,15.22,34.31,1.17073145115263,4.0803353212995
2019-07-23,3.7,25.0359722222222,19.2,33.66,1.97416376640836,3.99374427377571
2019-07-24,0,26.7190972222222,19.16,32.65,2.38382374902655,3.77117489825369
2019-07-25,7.9,22.6318055555556,15.15,33,1.3181058929552,3.72693932405317
2019-07-26,9.8,13.6934027777778,11.41,15.6,0.0116635338180573,0.0142288231246958
2019-07-27,10,11.2325,9.97,12.56,0.00937254548853401,0.0102229708201057
2019-07-28,0.1,14.4179166666667,10.23,19.74,0.306227365042121,0.849978459252984
2019-07-29,1.2,14.939375,11.56,22.31,0.372996190951822,1.31055637089189
2019-07-30,0.1,12.7395138888889,10.35,17.54,0.23151272533397,0.842801451365035
2019-07-31,0,13.4002083333333,9.66,17.6,0.241075825701567,0.646151587430025
2019-08-01,6.3,13.7215972222222,12.48,15.6,0.0114064846471758,0.0132908554914728
2019-08-02,0.1,15.32875,12.68,20.15,0.110044063117229,0.643859963409873
2019-08-03,0,18.9574305555556,13.87,25.98,0.506792315787379,1.69659249961703
2019-08-04,0.5,15.1479861111111,13.58,17.76,0.0121993260913916,0.0158948716725957
2019-08-05,0,16.4301388888889,13.21,21.7,0.189789129982459,0.793670064794403
2019-08-06,2,17.2646527777778,13.51,23.93,0.387859221071134,1.40353279086657
2019-08-07,0,18.7602083333333,14.18,23.7,0.520564328156872,1.43195604509749
2019-08-08,0,22.4438194444444,16.54,27.9,1.14832828516772,2.1195440094769
2019-08-09,0.3,20.8803472222222,15.27,25.8,0.938001391516057,2.40895418724387
2019-08-10,0,14.8541666666667,12.17,18.7,0.155608579723212,0.577201434836581
2019-08-11,6,12.2959722222222,10.55,15.8,0.0153693941032448,0.187358260426653
2019-08-12,0,11.6990972222222,9.16,16.6,0.178303334969318,0.780649924358234
2019-08-13,0,13.2979861111111,9.66,17.91,0.32369320973172,0.838829334367169
2019-08-14,0,17.0247916666667,11.44,24.14,0.686352786745501,1.73060576397235
2019-08-15,4.9,14.2736805555556,11.68,17.2,0.0593171871198122,0.389930363988284
2019-08-16,0,17.5851388888889,11.33,25.48,0.694049867044345,1.76622423082365
2019-08-17,0,20.1149305555556,16.17,27.28,1.0711789625139,2.33296996641229
2019-08-18,2.6,16.2999305555556,10.74,20.89,0.370233729142524,0.927673824859682
2019-08-19,5.7,11.0345833333333,10.16,11.9,0.00948798042505575,0.0105260114593124
2019-08-20,3.6,12.2165972222222,10.62,15.9,0.045083463188662,0.383328837846392
2019-08-21,0,15.0447222222222,11.28,20.6,0.273115076227367,0.790828546391052
2019-08-22,0,16.8982638888889,12.19,22.4,0.738123898810064,1.50737504296484
2019-08-23,0,21.0970138888889,14.13,29.79,1.63896969385939,3.16657980815386
2019-08-24,0.5,20.8013888888889,14.87,31.28,1.15581517160787,3.30407859913021
2019-08-25,0.9,16.3985416666667,14.26,21.6,0.106225387088477,0.615515087770406
2019-08-26,7.5,18.6335416666667,14.67,27.3,0.725992664455776,2.57374208891718
2019-08-27,0,16.9214583333333,13.78,21.5,0.243886747719371,1.00795800820152
2019-08-28,0,17.7097222222222,14.31,25.3,0.262346438958948,1.40030607505228
2019-08-29,0,17.8819444444444,14.9,23.94,0.239391766672011,0.968102792107103
2019-08-30,0.1,18.5597222222222,14.63,25.76,0.320487893145079,1.35327501947822
2019-08-31,1,17.639375,14.76,22.1,0.205058952977598,0.939479070762231
2019-09-01,8,13.4814583333333,10.42,15.8,0.0110945189592661,0.0136031263666961
2019-09-02,0.2,11.6715277777778,9.5,15.8,0.120720030897359,0.529647390052269
2019-09-03,0,14.4118055555556,10.76,19.15,0.453098044457963,1.03563631306018
2019-09-04,0,14.2381944444444,11.13,18.28,0.38314352887792,0.725795225149741
2019-09-05,4.5,10.7915972222222,9.38,13.45,0.0364385173304978,0.277079495990128
2019-09-06,0,10.4440277777778,8.48,14.53,0.179905599119153,0.633398345499596
2019-09-07,0,11.2373611111111,8.14,16.2,0.187583454097255,0.656497754195472
2019-09-08,1.7,11.3264583333333,8.95,15.6,0.127160894824514,0.814777125468682
2019-09-09,0.4,11.2345138888889,8.11,15.8,0.166100133535256,0.55758591519623
2019-09-10,12.1,9.08319444444444,7.24,10.81,0.0624640918312369,0.327414104705584
2019-09-11,1.3,11.2790972222222,10.1,13.8,0.0433624309633142,0.29497798316139
2019-09-12,0,13.4690972222222,10.26,18.6,0.185286665851331,0.682011415408476
2019-09-13,0,16.5128472222222,12.1,19.91,0.509609075683344,0.976319298546463
2019-09-14,0,19.7549305555556,15.71,24.7,0.988386608747611,1.81773105333941
2019-09-15,6.7,17.666875,14.27,22.85,0.678415307654051,1.33759465260561
2019-09-16,0,18.1625,14.23,23.4,0.406051767177481,1.16155250731305
2019-09-17,0,18.6309722222222,14.57,23.8,0.463701355162512,1.02062163447828
2019-09-18,0.1,15.0990277777778,13.54,16.88,0.0405406822152635,0.279414540408778
2019-09-19,0.1,15.3082638888889,12.2,19.93,0.189011394717178,0.737153234022434
2019-09-20,14.9,17.7884722222222,13.32,23.9,0.53914835906263,1.32045252766761
2019-09-21,0.4,16.2584027777778,13.1,19.4,0.385099419810764,0.881166313033172
2019-09-22,6.4,13.5284027777778,11.1,17.5,0.258635392304027,0.932281130807141
2019-09-23,0,13.6436111111111,9.23,17,0.447030229268816,0.899740360540986
2019-09-24,0.3,14.6541666666667,11.12,18.73,0.388073496060345,0.834057148452092
2019-09-25,0,12.9925694444444,10.48,17.41,0.251623589459158,0.776314440635731
2019-09-26,0,14.4465972222222,10.78,19.17,0.252394464519866,1.00598376741347
2019-09-27,1.3,14.3099305555556,10.84,19.89,0.260519031512004,0.845802338219415
2019-09-28,0.3,15.3572222222222,10.83,21.9,0.41799593588059,1.44411947005936
2019-09-29,0,17.1227777777778,12.88,25.7,1.0253116904838,2.549549771518
2019-09-30,0,17.3532638888889,12.5,21.9,0.537224958828776,1.2526819877939
