YYYYMMDD, C072, G072,Pday_mm
20010101,-9999,15,1.5
20010102,-9999,1,0.1
20010103,-9999,0,0
20010104,-9999,5,0.5
20010105,-9999,22,2.2
20010106,-9999,187,18.7
20010107,-9999,7,0.7
20010108,-9999,94,9.4
20010109,-9999,2,0.2
20010110,-9999,4,0.4
20010111,-9999,44,4.4
20010112,-9999,0,0
20010113,-9999,1,0.1
20010114,-9999,45,4.5
20010115,-9999,9,0.9
20010116,-9999,8,0.8
20010117,-9999,2,0.2
20010118,-9999,15,1.5
20010119,-9999,21,2.1
20010120,-9999,7,0.7
20010121,-9999,0,0
20010122,-9999,0,0
20010123,-9999,0,0
20010124,-9999,36,3.6
20010125,-9999,1,0.1
20010126,-9999,48,4.8
20010127,-9999,35,3.5
20010128,-9999,289,28.9
20010129,-9999,101,10.1
20010130,-9999,92,9.2
20010131,-9999,291,29.1
20010201,-9999,72,7.2
20010202,-9999,2,0.2
20010203,-9999,0,0
20010204,-9999,0,0
20010205,-9999,0,0
20010206,-9999,1,0.1
20010207,-9999,0,0
20010208,-9999,14,1.4
20010209,-9999,8,0.8
20010210,-9999,48,4.8
20010211,-9999,1,0.1
20010212,-9999,10,1
20010213,-9999,25,2.5
20010214,-9999,111,11.1
20010215,-9999,2,0.2
20010216,-9999,0,0
20010217,-9999,0,0
20010218,-9999,0,0
20010219,-9999,12,1.2
20010220,-9999,1,0.1
20010221,-9999,0,0
20010222,-9999,0,0
20010223,-9999,6,0.6
20010224,-9999,81,8.1
20010225,-9999,13,1.3
20010226,-9999,87,8.7
20010227,-9999,1,0.1
20010228,-9999,55,5.5
20010301,-9999,42,4.2
20010302,-9999,76,7.6
20010303,-9999,11,1.1
20010304,-9999,139,13.9
20010305,-9999,0,0
20010306,-9999,0,0
20010307,-9999,0,0
20010308,-9999,18,1.8
20010309,-9999,24,2.4
20010310,-9999,81,8.1
20010311,-9999,1,0.1
20010312,-9999,83,8.3
20010313,-9999,0,0
20010314,-9999,0,0
20010315,-9999,0,0
20010316,-9999,1,0.1
20010317,-9999,6,0.6
20010318,-9999,0,0
20010319,-9999,5,0.5
20010320,-9999,1,0.1
20010321,-9999,1,0.1
20010322,-9999,1,0.1
20010323,-9999,0,0
20010324,-9999,13,1.3
20010325,-9999,5,0.5
20010326,-9999,0,0
20010327,-9999,2,0.2
20010328,-9999,2,0.2
20010329,-9999,133,13.3
20010330,-9999,62,6.2
20010331,-9999,21,2.1
20010401,-9999,0,0
20010402,-9999,1,0.1
20010403,-9999,0,0
20010404,-9999,16,1.6
20010405,-9999,1,0.1
20010406,-9999,12,1.2
20010407,-9999,41,4.1
20010408,-9999,92,9.2
20010409,-9999,0,0
20010410,-9999,34,3.4
20010411,-9999,28,2.8
20010412,-9999,1,0.1
20010413,-9999,0,0
20010414,-9999,0,0
20010415,-9999,0,0
20010416,-9999,7,0.7
20010417,-9999,0,0
20010418,-9999,0,0
20010419,-9999,33,3.3
20010420,-9999,43,4.3
20010421,-9999,171,17.1
20010422,-9999,36,3.6
20010423,-9999,4,0.4
20010424,-9999,23,2.3
20010425,-9999,0,0
20010426,-9999,0,0
20010427,-9999,4,0.4
20010428,-9999,0,0
20010429,-9999,4,0.4
20010430,-9999,36,3.6
20010501,-9999,0,0
20010502,-9999,8,0.8
20010503,-9999,0,0
20010504,-9999,93,9.3
20010505,-9999,29,2.9
20010506,-9999,12,1.2
20010507,-9999,0,0
20010508,-9999,0,0
20010509,-9999,1,0.1
20010510,-9999,1,0.1
20010511,-9999,0,0
20010512,-9999,0,0
20010513,-9999,0,0
20010514,-9999,8,0.8
20010515,-9999,0,0
20010516,-9999,15,1.5
20010517,-9999,94,9.4
20010518,-9999,5,0.5
20010519,-9999,0,0
20010520,-9999,0,0
20010521,-9999,0,0
20010522,-9999,0,0
20010523,-9999,0,0
20010524,-9999,0,0
20010525,-9999,0,0
20010526,-9999,0,0
20010527,-9999,0,0
20010528,-9999,0,0
20010529,-9999,0,0
20010530,-9999,0,0
20010531,-9999,0,0
20010601,-9999,0,0
20010602,-9999,0,0
20010603,-9999,0,0
20010604,-9999,1,0.1
20010605,-9999,4,0.4
20010606,-9999,0,0
20010607,-9999,0,0
20010608,-9999,4,0.4
20010609,-9999,114,11.4
20010610,-9999,34,3.4
20010611,-9999,0,0
20010612,-9999,1,0.1
20010613,-9999,0,0
20010614,-9999,0,0
20010615,-9999,0,0
20010616,-9999,10,1
20010617,-9999,0,0
20010618,-9999,0,0
20010619,-9999,0,0
20010620,-9999,0,0
20010621,-9999,0,0
20010622,-9999,0,0
20010623,-9999,8,0.8
20010624,-9999,1,0.1
20010625,-9999,0,0
20010626,-9999,8,0.8
20010627,-9999,3,0.3
20010628,-9999,0,0
20010629,-9999,0,0
20010630,-9999,0,0
20010701,-9999,0,0
20010702,-9999,0,0
20010703,-9999,0,0
20010704,-9999,136,13.6
20010705,-9999,57,5.7
20010706,-9999,96,9.6
20010707,-9999,2,0.2
20010708,-9999,10,1
20010709,-9999,19,1.9
20010710,-9999,15,1.5
20010711,-9999,2,0.2
20010712,-9999,0,0
20010713,-9999,0,0
20010714,-9999,137,13.7
20010715,-9999,8,0.8
20010716,-9999,0,0
20010717,-9999,7,0.7
20010718,-9999,9,0.9
20010719,-9999,68,6.8
20010720,-9999,0,0
20010721,-9999,0,0
20010722,-9999,0,0
20010723,-9999,0,0
20010724,-9999,24,2.4
20010725,-9999,0,0
20010726,-9999,0,0
20010727,-9999,21,2.1
20010728,-9999,18,1.8
20010729,-9999,0,0
20010730,-9999,0,0
20010731,-9999,0,0
20010801,-9999,0,0
20010802,-9999,17,1.7
20010803,-9999,1,0.1
20010804,-9999,2,0.2
20010805,-9999,0,0
20010806,-9999,0,0
20010807,-9999,0,0
20010808,-9999,20,2
20010809,-9999,0,0
20010810,-9999,0,0
20010811,-9999,0,0
20010812,-9999,0,0
20010813,-9999,0,0
20010814,-9999,0,0
20010815,-9999,0,0
20010816,-9999,23,2.3
20010817,-9999,2,0.2
20010818,-9999,0,0
20010819,-9999,0,0
20010820,-9999,2,0.2
20010821,-9999,0,0
20010822,-9999,0,0
20010823,-9999,2,0.2
20010824,-9999,1,0.1
20010825,-9999,7,0.7
20010826,-9999,10,1
20010827,-9999,0,0
20010828,-9999,224,22.4
20010829,-9999,9,0.9
20010830,-9999,0,0
20010831,-9999,45,4.5
20010901,-9999,10,1
20010902,-9999,0,0
20010903,-9999,14,1.4
20010904,-9999,3,0.3
20010905,-9999,3,0.3
20010906,-9999,0,0
20010907,-9999,13,1.3
20010908,-9999,1,0.1
20010909,-9999,43,4.3
20010910,-9999,2,0.2
20010911,-9999,0,0
20010912,-9999,0,0
20010913,-9999,0,0
20010914,-9999,106,10.6
20010915,-9999,2,0.2
20010916,-9999,0,0
20010917,-9999,11,1.1
20010918,-9999,0,0
20010919,-9999,0,0
20010920,-9999,0,0
20010921,-9999,0,0
20010922,-9999,0,0
20010923,-9999,70,7
20010924,-9999,7,0.7
20010925,-9999,1,0.1
20010926,-9999,0,0
20010927,-9999,0,0
20010928,-9999,7,0.7
20010929,-9999,0,0
20010930,-9999,0,0
20011001,-9999,0,0
20011002,-9999,0,0
20011003,-9999,184,18.4
20011004,-9999,0,0
20011005,-9999,0,0
20011006,-9999,19,1.9
20011007,-9999,14,1.4
20011008,-9999,29,2.9
20011009,-9999,0,0
20011010,-9999,0,0
20011011,-9999,0,0
20011012,-9999,0,0
20011013,-9999,47,4.7
20011014,-9999,0,0
20011015,-9999,0,0
20011016,-9999,0,0
20011017,-9999,14,1.4
20011018,-9999,0,0
20011019,-9999,212,21.2
20011020,-9999,3,0.3
20011021,-9999,0,0
20011022,-9999,0,0
20011023,-9999,0,0
20011024,-9999,0,0
20011025,-9999,0,0
20011026,-9999,0,0
20011027,-9999,0,0
20011028,-9999,0,0
20011029,-9999,0,0
20011030,-9999,0,0
20011031,-9999,77,7.7
20011101,-9999,1,0.1
20011102,-9999,0,0
20011103,-9999,0,0
20011104,-9999,6,0.6
20011105,-9999,20,2
20011106,-9999,0,0
20011107,-9999,0,0
20011108,-9999,95,9.5
20011109,-9999,31,3.1
20011110,-9999,0,0
20011111,-9999,150,15
20011112,-9999,276,27.6
20011113,-9999,342,34.2
20011114,-9999,94,9.4
20011115,-9999,14,1.4
20011116,-9999,121,12.1
20011117,-9999,0,0
20011118,-9999,2,0.2
20011119,-9999,29,2.9
20011120,-9999,44,4.4
20011121,-9999,1,0.1
20011122,-9999,0,0
20011123,-9999,23,2.3
20011124,-9999,1,0.1
20011125,-9999,11,1.1
20011126,-9999,34,3.4
20011127,-9999,12,1.2
20011128,-9999,13,1.3
20011129,-9999,5,0.5
20011130,-9999,0,0
20011201,-9999,0,0
20011202,-9999,0,0
20011203,-9999,0,0
20011204,-9999,0,0
20011205,-9999,0,0
20011206,-9999,0,0
20011207,-9999,0,0
20011208,-9999,0,0
20011209,-9999,0,0
20011210,-9999,0,0
20011211,-9999,0,0
20011212,-9999,0,0
20011213,-9999,0,0
20011214,-9999,0,0
20011215,-9999,1,0.1
20011216,-9999,0,0
20011217,-9999,0,0
20011218,-9999,0,0
20011219,-9999,0,0
20011220,-9999,2,0.2
20011221,-9999,10,1
20011222,-9999,2,0.2
20011223,-9999,0,0
20011224,-9999,0,0
20011225,-9999,9,0.9
20011226,-9999,71,7.1
20011227,-9999,0,0
20011228,-9999,0,0
20011229,-9999,0,0
20011230,-9999,28,2.8
20011231,-9999,17,1.7
20020101,-9999,1,0.1
20020102,-9999,6,0.6
20020103,-9999,55,5.5
20020104,-9999,20,2
20020105,-9999,0,0
20020106,-9999,0,0
20020107,-9999,2,0.2
20020108,-9999,0,0
20020109,-9999,0,0
20020110,-9999,1,0.1
20020111,-9999,0,0
20020112,-9999,0,0
20020113,-9999,45,4.5
20020114,-9999,2,0.2
20020115,-9999,91,9.1
20020116,-9999,177,17.7
20020117,-9999,4,0.4
20020118,-9999,10,1
20020119,-9999,11,1.1
20020120,-9999,0,0
20020121,-9999,1,0.1
20020122,-9999,0,0
20020123,-9999,0,0
20020124,-9999,0,0
20020125,-9999,0,0
20020126,-9999,0,0
20020127,-9999,0,0
20020128,-9999,0,0
20020129,-9999,0,0
20020130,-9999,0,0
20020131,-9999,0,0
20020201,-9999,0,0
20020202,-9999,0,0
20020203,-9999,0,0
20020204,-9999,0,0
20020205,-9999,55,5.5
20020206,-9999,85,8.5
20020207,-9999,52,5.2
20020208,-9999,3,0.3
20020209,-9999,0,0
20020210,-9999,0,0
20020211,-9999,0,0
20020212,-9999,0,0
20020213,-9999,58,5.8
20020214,-9999,97,9.7
20020215,-9999,95,9.5
20020216,-9999,2,0.2
20020217,-9999,9,0.9
20020218,-9999,54,5.4
20020219,-9999,14,1.4
20020220,-9999,49,4.9
20020221,-9999,64,6.4
20020222,-9999,3,0.3
20020223,-9999,0,0
20020224,-9999,2,0.2
20020225,-9999,2,0.2
20020226,-9999,0,0
20020227,-9999,1,0.1
20020228,-9999,0,0
20020301,-9999,19,1.9
20020302,-9999,17,1.7
20020303,-9999,23,2.3
20020304,-9999,0,0
20020305,-9999,28,2.8
20020306,-9999,22,2.2
20020307,-9999,40,4
20020308,-9999,18,1.8
20020309,-9999,26,2.6
20020310,-9999,1,0.1
20020311,-9999,0,0
20020312,-9999,0,0
20020313,-9999,70,7
20020314,-9999,0,0
20020315,-9999,0,0
20020316,-9999,12,1.2
20020317,-9999,1,0.1
20020318,-9999,0,0
20020319,-9999,0,0
20020320,-9999,0,0
20020321,-9999,0,0
20020322,-9999,0,0
20020323,-9999,0,0
20020324,-9999,0,0
20020325,-9999,0,0
20020326,-9999,0,0
20020327,-9999,0,0
20020328,-9999,0,0
20020329,-9999,10,1
20020330,-9999,1,0.1
20020331,-9999,0,0
20020401,-9999,0,0
20020402,-9999,8,0.8
20020403,-9999,159,15.9
20020404,-9999,7,0.7
20020405,-9999,36,3.6
20020406,-9999,77,7.7
20020407,-9999,8,0.8
20020408,-9999,1,0.1
20020409,-9999,14,1.4
20020410,-9999,42,4.2
20020411,-9999,110,11
20020412,-9999,107,10.7
20020413,-9999,13,1.3
20020414,-9999,3,0.3
20020415,-9999,6,0.6
20020416,-9999,0,0
20020417,-9999,2,0.2
20020418,-9999,1,0.1
20020419,-9999,0,0
20020420,-9999,0,0
20020421,-9999,0,0
20020422,-9999,0,0
20020423,-9999,0,0
20020424,-9999,0,0
20020425,-9999,0,0
20020426,-9999,11,1.1
20020427,-9999,16,1.6
20020428,-9999,0,0
20020429,-9999,0,0
20020430,-9999,0,0
20020501,-9999,63,6.3
20020502,-9999,41,4.1
20020503,-9999,166,16.6
20020504,-9999,4,0.4
20020505,-9999,47,4.7
20020506,-9999,16,1.6
20020507,-9999,64,6.4
20020508,-9999,227,22.7
20020509,-9999,97,9.7
20020510,-9999,1,0.1
20020511,-9999,2,0.2
20020512,-9999,0,0
20020513,-9999,0,0
20020514,-9999,0,0
20020515,-9999,0,0
20020516,-9999,0,0
20020517,-9999,22,2.2
20020518,-9999,1,0.1
20020519,-9999,0,0
20020520,-9999,0,0
20020521,-9999,0,0
20020522,-9999,79,7.9
20020523,-9999,9,0.9
20020524,-9999,53,5.3
20020525,-9999,21,2.1
20020526,-9999,33,3.3
20020527,-9999,0,0
20020528,-9999,29,2.9
20020529,-9999,10,1
20020530,-9999,1,0.1
20020531,-9999,21,2.1
20020601,-9999,0,0
20020602,-9999,9,0.9
20020603,-9999,28,2.8
20020604,-9999,26,2.6
20020605,-9999,56,5.6
20020606,-9999,11,1.1
20020607,-9999,122,12.2
20020608,-9999,6,0.6
20020609,-9999,0,0
20020610,-9999,5,0.5
20020611,-9999,0,0
20020612,-9999,0,0
20020613,-9999,0,0
20020614,-9999,0,0
20020615,-9999,0,0
20020616,-9999,0,0
20020617,-9999,0,0
20020618,-9999,15,1.5
20020619,-9999,40,4
20020620,-9999,18,1.8
20020621,-9999,2,0.2
20020622,-9999,0,0
20020623,-9999,19,1.9
20020624,-9999,27,2.7
20020625,-9999,1,0.1
20020626,-9999,0,0
20020627,-9999,-9999,NA
20020628,-9999,-9999,NA
20020629,-9999,-9999,NA
20020630,-9999,-9999,NA
20020701,-9999,-9999,NA
20020702,-9999,9,0.9
20020703,-9999,1,0.1
20020704,-9999,27,2.7
20020705,-9999,0,0
20020706,-9999,28,2.8
20020707,-9999,0,0
20020708,-9999,17,1.7
20020709,-9999,69,6.9
20020710,-9999,14,1.4
20020711,-9999,1,0.1
20020712,-9999,5,0.5
20020713,-9999,7,0.7
20020714,-9999,0,0
20020715,-9999,0,0
20020716,-9999,0,0
20020717,-9999,0,0
20020718,-9999,0,0
20020719,-9999,0,0
20020720,-9999,7,0.7
20020721,-9999,0,0
20020722,-9999,61,6.1
20020723,-9999,1,0.1
20020724,-9999,0,0
20020725,-9999,10,1
20020726,-9999,4,0.4
20020727,-9999,1,0.1
20020728,-9999,23,2.3
20020729,-9999,12,1.2
20020730,-9999,67,6.7
20020731,-9999,1,0.1
20020801,-9999,0,0
20020802,-9999,0,0
20020803,-9999,0,0
20020804,-9999,0,0
20020805,-9999,5,0.5
20020806,-9999,9,0.9
20020807,-9999,1,0.1
20020808,-9999,23,2.3
20020809,-9999,63,6.3
20020810,-9999,49,4.9
20020811,-9999,0,0
20020812,-9999,51,5.1
20020813,-9999,0,0
20020814,-9999,0,0
20020815,-9999,0,0
20020816,-9999,0,0
20020817,-9999,0,0
20020818,-9999,0,0
20020819,-9999,12,1.2
20020820,-9999,9,0.9
20020821,-9999,3,0.3
20020822,-9999,3,0.3
20020823,-9999,33,3.3
20020824,-9999,67,6.7
20020825,-9999,106,10.6
20020826,-9999,1,0.1
20020827,-9999,179,17.9
20020828,-9999,220,22
20020829,-9999,0,0
20020830,-9999,0,0
20020831,-9999,9,0.9
20020901,-9999,14,1.4
20020902,-9999,0,0
20020903,-9999,17,1.7
20020904,-9999,8,0.8
20020905,-9999,10,1
20020906,-9999,0,0
20020907,-9999,46,4.6
20020908,-9999,26,2.6
20020909,-9999,1,0.1
20020910,-9999,0,0
20020911,-9999,0,0
20020912,-9999,0,0
20020913,-9999,0,0
20020914,-9999,0,0
20020915,-9999,0,0
20020916,-9999,33,3.3
20020917,-9999,117,11.7
20020918,-9999,2,0.2
20020919,-9999,0,0
20020920,-9999,0,0
20020921,-9999,61,6.1
20020922,-9999,0,0
20020923,-9999,0,0
20020924,-9999,2,0.2
20020925,-9999,0,0
20020926,-9999,0,0
20020927,-9999,0,0
20020928,-9999,0,0
20020929,-9999,0,0
20020930,-9999,0,0
20021001,-9999,40,4
20021002,-9999,1,0.1
20021003,-9999,20,2
20021004,-9999,5,0.5
20021005,-9999,0,0
20021006,-9999,1,0.1
20021007,-9999,0,0
20021008,-9999,28,2.8
20021009,-9999,182,18.2
20021010,-9999,179,17.9
20021011,-9999,12,1.2
20021012,-9999,7,0.7
20021013,-9999,3,0.3
20021014,-9999,2,0.2
20021015,-9999,4,0.4
20021016,-9999,20,2
20021017,-9999,7,0.7
20021018,-9999,0,0
20021019,-9999,0,0
20021020,-9999,0,0
20021021,-9999,25,2.5
20021022,-9999,4,0.4
20021023,-9999,82,8.2
20021024,-9999,2,0.2
20021025,-9999,0,0
20021026,-9999,0,0
20021027,-9999,32,3.2
20021028,-9999,1,0.1
20021029,-9999,1,0.1
20021030,-9999,72,7.2
20021031,-9999,0,0
20021101,-9999,0,0
20021102,-9999,8,0.8
20021103,-9999,22,2.2
20021104,-9999,29,2.9
20021105,-9999,1,0.1
20021106,-9999,141,14.1
20021107,-9999,78,7.8
20021108,-9999,0,0
20021109,-9999,18,1.8
20021110,-9999,5,0.5
20021111,-9999,4,0.4
20021112,-9999,0,0
20021113,-9999,28,2.8
20021114,-9999,0,0
20021115,-9999,0,0
20021116,-9999,0,0
20021117,-9999,4,0.4
20021118,-9999,0,0
20021119,-9999,133,13.3
20021120,-9999,9,0.9
20021121,-9999,8,0.8
20021122,-9999,0,0
20021123,-9999,0,0
20021124,-9999,124,12.4
20021125,-9999,15,1.5
20021126,-9999,1,0.1
20021127,-9999,0,0
20021128,-9999,0,0
20021129,-9999,33,3.3
20021130,-9999,76,7.6
20021201,-9999,153,15.3
20021202,-9999,202,20.2
20021203,-9999,317,31.7
20021204,-9999,182,18.2
20021205,-9999,123,12.3
20021206,-9999,176,17.6
20021207,-9999,61,6.1
20021208,-9999,5,0.5
20021209,-9999,0,0
20021210,-9999,4,0.4
20021211,-9999,0,0
20021212,-9999,0,0
20021213,-9999,0,0
20021214,-9999,9,0.9
20021215,-9999,0,0
20021216,-9999,0,0
20021217,-9999,27,2.7
20021218,-9999,3,0.3
20021219,-9999,5,0.5
20021220,-9999,3,0.3
20021221,-9999,0,0
20021222,-9999,1,0.1
20021223,-9999,4,0.4
20021224,-9999,0,0
20021225,-9999,0,0
20021226,-9999,5,0.5
20021227,-9999,89,8.9
20021228,-9999,29,2.9
20021229,-9999,0,0
20021230,-9999,17,1.7
20021231,-9999,5,0.5
20030101,-9999,20,2
20030102,-9999,3,0.3
20030103,-9999,2,0.2
20030104,-9999,24,2.4
20030105,-9999,25,2.5
20030106,-9999,93,9.3
20030107,-9999,6,0.6
20030108,-9999,0,0
20030109,-9999,0,0
20030110,-9999,0,0
20030111,-9999,0,0
20030112,-9999,0,0
20030113,-9999,18,1.8
20030114,-9999,61,6.1
20030115,-9999,51,5.1
20030116,-9999,14,1.4
20030117,-9999,17,1.7
20030118,-9999,2,0.2
20030119,-9999,110,11
20030120,-9999,1,0.1
20030121,-9999,0,0
20030122,-9999,29,2.9
20030123,-9999,34,3.4
20030124,-9999,1,0.1
20030125,-9999,0,0
20030126,-9999,111,11.1
20030127,-9999,50,5
20030128,-9999,129,12.9
20030129,-9999,11,1.1
20030130,-9999,156,15.6
20030131,-9999,0,0
20030201,-9999,111,11.1
20030202,-9999,462,46.2
20030203,-9999,3,0.3
20030204,-9999,293,29.3
20030205,-9999,137,13.7
20030206,-9999,41,4.1
20030207,-9999,0,0
20030208,-9999,0,0
20030209,-9999,56,5.6
20030210,-9999,1,0.1
20030211,-9999,9,0.9
20030212,-9999,1,0.1
20030213,-9999,18,1.8
20030214,-9999,1,0.1
20030215,-9999,0,0
20030216,-9999,20,2
20030217,-9999,0,0
20030218,-9999,1,0.1
20030219,-9999,0,0
20030220,-9999,32,3.2
20030221,-9999,3,0.3
20030222,-9999,0,0
20030223,-9999,3,0.3
20030224,-9999,0,0
20030225,-9999,10,1
20030226,-9999,11,1.1
20030227,-9999,2,0.2
20030228,-9999,7,0.7
20030301,-9999,13,1.3
20030302,-9999,4,0.4
20030303,-9999,16,1.6
20030304,-9999,1,0.1
20030305,-9999,49,4.9
20030306,-9999,11,1.1
20030307,-9999,0,0
20030308,-9999,0,0
20030309,-9999,0,0
20030310,-9999,0,0
20030311,-9999,0,0
20030312,-9999,0,0
20030313,-9999,0,0
20030314,-9999,0,0
20030315,-9999,0,0
20030316,-9999,0,0
20030317,-9999,0,0
20030318,-9999,0,0
20030319,-9999,0,0
20030320,-9999,0,0
20030321,-9999,0,0
20030322,-9999,0,0
20030323,-9999,0,0
20030324,-9999,0,0
20030325,-9999,0,0
20030326,-9999,0,0
20030327,-9999,1,0.1
20030328,-9999,37,3.7
20030329,-9999,0,0
20030330,-9999,7,0.7
20030331,-9999,0,0
20030401,-9999,0,0
20030402,-9999,165,16.5
20030403,-9999,41,4.1
20030404,-9999,0,0
20030405,-9999,0,0
20030406,-9999,0,0
20030407,-9999,0,0
20030408,-9999,0,0
20030409,-9999,44,4.4
20030410,-9999,5,0.5
20030411,-9999,40,4
20030412,-9999,1,0.1
20030413,-9999,3,0.3
20030414,-9999,5,0.5
20030415,-9999,0,0
20030416,-9999,0,0
20030417,-9999,0,0
20030418,-9999,5,0.5
20030419,-9999,70,7
20030420,-9999,22,2.2
20030421,-9999,1,0.1
20030422,-9999,0,0
20030423,-9999,0,0
20030424,-9999,0,0
20030425,-9999,4,0.4
20030426,-9999,6,0.6
20030427,-9999,0,0
20030428,-9999,2,0.2
20030429,-9999,0,0
20030430,-9999,4,0.4
20030501,-9999,0,0
20030502,-9999,0,0
20030503,-9999,0,0
20030504,-9999,99,9.9
20030505,-9999,146,14.6
20030506,-9999,70,7
20030507,-9999,495,49.5
20030508,-9999,2,0.2
20030509,-9999,11,1.1
20030510,-9999,1,0.1
20030511,-9999,0,0
20030512,-9999,0,0
20030513,-9999,17,1.7
20030514,-9999,0,0
20030515,-9999,0,0
20030516,-9999,4,0.4
20030517,-9999,0,0
20030518,-9999,0,0
20030519,-9999,3,0.3
20030520,-9999,0,0
20030521,-9999,0,0
20030522,-9999,0,0
20030523,-9999,0,0
20030524,-9999,38,3.8
20030525,-9999,101,10.1
20030526,-9999,19,1.9
20030527,-9999,1,0.1
20030528,-9999,0,0
20030529,-9999,0,0
20030530,-9999,0,0
20030531,-9999,22,2.2
20030601,-9999,39,3.9
20030602,-9999,0,0
20030603,-9999,125,12.5
20030604,-9999,156,15.6
20030605,-9999,9,0.9
20030606,-9999,2,0.2
20030607,-9999,51,5.1
20030608,-9999,9,0.9
20030609,-9999,2,0.2
20030610,-9999,0,0
20030611,-9999,4,0.4
20030612,-9999,22,2.2
20030613,-9999,0,0
20030614,-9999,0,0
20030615,-9999,7,0.7
20030616,-9999,2,0.2
20030617,-9999,7,0.7
20030618,-9999,3,0.3
20030619,-9999,0,0
20030620,-9999,0,0
20030621,-9999,0,0
20030622,-9999,11,1.1
20030623,-9999,15,1.5
20030624,-9999,97,9.7
20030625,-9999,25,2.5
20030626,-9999,13,1.3
20030627,-9999,11,1.1
20030628,-9999,0,0
20030629,-9999,0,0
20030630,-9999,1,0.1
20030701,-9999,0,0
20030702,-9999,0,0
20030703,-9999,5,0.5
20030704,-9999,0,0
20030705,-9999,0,0
20030706,-9999,7,0.7
20030707,-9999,2,0.2
20030708,-9999,1,0.1
20030709,-9999,0,0
20030710,-9999,1,0.1
20030711,-9999,1,0.1
20030712,-9999,0,0
20030713,-9999,15,1.5
20030714,-9999,67,6.7
20030715,-9999,54,5.4
20030716,-9999,0,0
20030717,-9999,0,0
20030718,-9999,0,0
20030719,-9999,0,0
20030720,-9999,5,0.5
20030721,-9999,29,2.9
20030722,-9999,7,0.7
20030723,-9999,0,0
20030724,-9999,0,0
20030725,-9999,0,0
20030726,-9999,0,0
20030727,-9999,95,9.5
20030728,-9999,0,0
20030729,-9999,0,0
20030730,-9999,0,0
20030731,-9999,0,0
20030801,-9999,0,0
20030802,-9999,0,0
20030803,-9999,5,0.5
20030804,-9999,0,0
20030805,-9999,0,0
20030806,-9999,0,0
20030807,-9999,0,0
20030808,-9999,0,0
20030809,-9999,0,0
20030810,-9999,0,0
20030811,-9999,0,0
20030812,-9999,0,0
20030813,-9999,0,0
20030814,-9999,0,0
20030815,-9999,2,0.2
20030816,-9999,64,6.4
20030817,-9999,0,0
20030818,-9999,0,0
20030819,-9999,0,0
20030820,-9999,13,1.3
20030821,-9999,0,0
20030822,-9999,0,0
20030823,-9999,0,0
20030824,-9999,0,0
20030825,-9999,0,0
20030826,-9999,2,0.2
20030827,-9999,0,0
20030828,-9999,34,3.4
20030829,-9999,0,0
20030830,-9999,16,1.6
20030831,-9999,65,6.5
20030901,-9999,29,2.9
20030902,-9999,9,0.9
20030903,-9999,9,0.9
20030904,-9999,0,0
20030905,-9999,3,0.3
20030906,-9999,11,1.1
20030907,-9999,1,0.1
20030908,-9999,92,9.2
20030909,-9999,2,0.2
20030910,-9999,0,0
20030911,-9999,7,0.7
20030912,-9999,12,1.2
20030913,-9999,1,0.1
20030914,-9999,0,0
20030915,-9999,0,0
20030916,-9999,0,0
20030917,-9999,0,0
20030918,-9999,0,0
20030919,-9999,0,0
20030920,-9999,0,0
20030921,-9999,0,0
20030922,-9999,8,0.8
20030923,-9999,37,3.7
20030924,-9999,0,0
20030925,-9999,0,0
20030926,-9999,0,0
20030927,-9999,4,0.4
20030928,-9999,9,0.9
20030929,-9999,7,0.7
20030930,-9999,1,0.1
20031001,-9999,55,5.5
20031002,-9999,139,13.9
20031003,-9999,11,1.1
20031004,-9999,98,9.8
20031005,-9999,164,16.4
20031006,-9999,0,0
20031007,-9999,0,0
20031008,-9999,84,8.4
20031009,-9999,11,1.1
20031010,-9999,1,0.1
20031011,-9999,0,0
20031012,-9999,11,1.1
20031013,-9999,2,0.2
20031014,-9999,10,1
20031015,-9999,0,0
20031016,-9999,20,2
20031017,-9999,2,0.2
20031018,-9999,1,0.1
20031019,-9999,9,0.9
20031020,-9999,46,4.6
20031021,-9999,0,0
20031022,-9999,42,4.2
20031023,-9999,57,5.7
20031024,-9999,47,4.7
20031025,-9999,0,0
20031026,-9999,22,2.2
20031027,-9999,20,2
20031028,-9999,114,11.4
20031029,-9999,119,11.9
20031030,-9999,38,3.8
20031031,-9999,53,5.3
20031101,-9999,149,14.9
20031102,-9999,0,0
20031103,-9999,0,0
20031104,-9999,0,0
20031105,-9999,8,0.8
20031106,-9999,0,0
20031107,-9999,0,0
20031108,-9999,52,5.2
20031109,-9999,21,2.1
20031110,-9999,0,0
20031111,-9999,0,0
20031112,-9999,11,1.1
20031113,-9999,0,0
20031114,-9999,13,1.3
20031115,-9999,1,0.1
20031116,-9999,219,21.9
20031117,-9999,0,0
20031118,-9999,0,0
20031119,-9999,1,0.1
20031120,-9999,0,0
20031121,-9999,0,0
20031122,-9999,0,0
20031123,-9999,169,16.9
20031124,-9999,7,0.7
20031125,-9999,6,0.6
20031126,-9999,105,10.5
20031127,-9999,99,9.9
20031128,-9999,2,0.2
20031129,-9999,4,0.4
20031130,-9999,72,7.2
20031201,-9999,33,3.3
20031202,-9999,81,8.1
20031203,-9999,6,0.6
20031204,-9999,76,7.6
20031205,-9999,3,0.3
20031206,-9999,10,1
20031207,-9999,1,0.1
20031208,-9999,0,0
20031209,-9999,0,0
20031210,-9999,0,0
20031211,-9999,17,1.7
20031212,-9999,6,0.6
20031213,-9999,7,0.7
20031214,-9999,157,15.7
20031215,-9999,3,0.3
20031216,-9999,1,0.1
20031217,-9999,8,0.8
20031218,-9999,67,6.7
20031219,-9999,56,5.6
20031220,-9999,0,0
20031221,-9999,81,8.1
20031222,-9999,100,10
20031223,-9999,36,3.6
20031224,-9999,70,7
20031225,-9999,7,0.7
20031226,-9999,1,0.1
20031227,-9999,0,0
20031228,-9999,198,19.8
20031229,-9999,149,14.9
20031230,-9999,108,10.8
20031231,-9999,13,1.3
20040101,-9999,164,16.4
20040102,-9999,200,20
20040103,-9999,133,13.3
20040104,-9999,143,14.3
20040105,-9999,2,0.2
20040106,-9999,0,0
20040107,-9999,1,0.1
20040108,-9999,0,0
20040109,-9999,2,0.2
20040110,-9999,0,0
20040111,-9999,0,0
20040112,-9999,0,0
20040113,-9999,0,0
20040114,-9999,171,17.1
20040115,-9999,0,0
20040116,-9999,0,0
20040117,-9999,64,6.4
20040118,-9999,32,3.2
20040119,-9999,95,9.5
20040120,-9999,246,24.6
20040121,-9999,168,16.8
20040122,-9999,4,0.4
20040123,-9999,105,10.5
20040124,-9999,237,23.7
20040125,-9999,44,4.4
20040126,-9999,54,5.4
20040127,-9999,65,6.5
20040128,-9999,45,4.5
20040129,-9999,0,0
20040130,-9999,10,1
20040131,-9999,44,4.4
20040201,-9999,6,0.6
20040202,-9999,4,0.4
20040203,-9999,0,0
20040204,-9999,0,0
20040205,-9999,0,0
20040206,-9999,1,0.1
20040207,-9999,29,2.9
20040208,-9999,0,0
20040209,-9999,0,0
20040210,-9999,0,0
20040211,-9999,0,0
20040212,-9999,0,0
20040213,-9999,0,0
20040214,-9999,0,0
20040215,-9999,0,0
20040216,-9999,21,2.1
20040217,-9999,2,0.2
20040218,-9999,2,0.2
20040219,-9999,0,0
20040220,-9999,36,3.6
20040221,-9999,213,21.3
20040222,-9999,11,1.1
20040223,-9999,76,7.6
20040224,-9999,0,0
20040225,-9999,44,4.4
20040226,-9999,66,6.6
20040227,-9999,264,26.4
20040228,-9999,330,33
20040229,-9999,187,18.7
20040301,-9999,209,20.9
20040302,-9999,0,0
20040303,-9999,0,0
20040304,-9999,0,0
20040305,-9999,26,2.6
20040306,-9999,68,6.8
20040307,-9999,32,3.2
20040308,-9999,0,0
20040309,-9999,0,0
20040310,-9999,29,2.9
20040311,-9999,18,1.8
20040312,-9999,154,15.4
20040313,-9999,0,0
20040314,-9999,0,0
20040315,-9999,0,0
20040316,-9999,0,0
20040317,-9999,0,0
20040318,-9999,0,0
20040319,-9999,0,0
20040320,-9999,0,0
20040321,-9999,25,2.5
20040322,-9999,46,4.6
20040323,-9999,216,21.6
20040324,-9999,88,8.8
20040325,-9999,68,6.8
20040326,-9999,25,2.5
20040327,-9999,27,2.7
20040328,-9999,61,6.1
20040329,-9999,23,2.3
20040330,-9999,71,7.1
20040331,-9999,60,6
20040401,-9999,2,0.2
20040402,-9999,0,0
20040403,-9999,0,0
20040404,-9999,0,0
20040405,-9999,0,0
20040406,-9999,1,0.1
20040407,-9999,76,7.6
20040408,-9999,10,1
20040409,-9999,78,7.8
20040410,-9999,307,30.7
20040411,-9999,64,6.4
20040412,-9999,72,7.2
20040413,-9999,0,0
20040414,-9999,14,1.4
20040415,-9999,0,0
20040416,-9999,35,3.5
20040417,-9999,32,3.2
20040418,-9999,48,4.8
20040419,-9999,0,0
20040420,-9999,0,0
20040421,-9999,23,2.3
20040422,-9999,108,10.8
20040423,-9999,4,0.4
20040424,-9999,0,0
20040425,-9999,0,0
20040426,-9999,0,0
20040427,-9999,2,0.2
20040428,-9999,166,16.6
20040429,-9999,17,1.7
20040430,-9999,8,0.8
20040501,-9999,73,7.3
20040502,-9999,1,0.1
20040503,-9999,3,0.3
20040504,-9999,52,5.2
20040505,-9999,16,1.6
20040506,-9999,17,1.7
20040507,-9999,14,1.4
20040508,-9999,11,1.1
20040509,-9999,28,2.8
20040510,-9999,46,4.6
20040511,-9999,10,1
20040512,-9999,8,0.8
20040513,-9999,2,0.2
20040514,-9999,1,0.1
20040515,-9999,0,0
20040516,-9999,0,0
20040517,-9999,0,0
20040518,-9999,0,0
20040519,-9999,0,0
20040520,-9999,0,0
20040521,-9999,46,4.6
20040522,-9999,150,15
20040523,-9999,1,0.1
20040524,-9999,0,0
20040525,-9999,1,0.1
20040526,-9999,15,1.5
20040527,-9999,0,0
20040528,-9999,16,1.6
20040529,-9999,30,3
20040530,-9999,28,2.8
20040531,-9999,0,0
20040601,-9999,0,0
20040602,-9999,0,0
20040603,-9999,0,0
20040604,-9999,0,0
20040605,-9999,0,0
20040606,-9999,0,0
20040607,-9999,0,0
20040608,-9999,55,5.5
20040609,-9999,0,0
20040610,-9999,17,1.7
20040611,-9999,34,3.4
20040612,-9999,36,3.6
20040613,-9999,2,0.2
20040614,-9999,0,0
20040615,-9999,0,0
20040616,-9999,0,0
20040617,-9999,0,0
20040618,-9999,63,6.3
20040619,-9999,48,4.8
20040620,-9999,5,0.5
20040621,-9999,50,5
20040622,-9999,0,0
20040623,-9999,46,4.6
20040624,-9999,25,2.5
20040625,-9999,2,0.2
20040626,-9999,0,0
20040627,-9999,5,0.5
20040628,-9999,13,1.3
20040629,-9999,0,0
20040630,-9999,0,0
20040701,-9999,0,0
20040702,-9999,0,0
20040703,-9999,0,0
20040704,-9999,6,0.6
20040705,-9999,76,7.6
20040706,-9999,41,4.1
20040707,-9999,74,7.4
20040708,-9999,0,0
20040709,-9999,6,0.6
20040710,-9999,23,2.3
20040711,-9999,31,3.1
20040712,-9999,0,0
20040713,-9999,0,0
20040714,-9999,0,0
20040715,-9999,0,0
20040716,-9999,1,0.1
20040717,-9999,108,10.8
20040718,-9999,8,0.8
20040719,-9999,62,6.2
20040720,-9999,0,0
20040721,-9999,22,2.2
20040722,-9999,2,0.2
20040723,-9999,0,0
20040724,-9999,0,0
20040725,-9999,0,0
20040726,-9999,0,0
20040727,-9999,0,0
20040728,-9999,21,2.1
20040729,-9999,1,0.1
20040730,-9999,0,0
20040731,-9999,0,0
20040801,-9999,0,0
20040802,-9999,141,14.1
20040803,-9999,76,7.6
20040804,-9999,7,0.7
20040805,-9999,0,0
20040806,-9999,0,0
20040807,-9999,0,0
20040808,-9999,75,7.5
20040809,-9999,72,7.2
20040810,-9999,5,0.5
20040811,-9999,1,0.1
20040812,-9999,1,0.1
20040813,-9999,0,0
20040814,-9999,0,0
20040815,-9999,0,0
20040816,-9999,37,3.7
20040817,-9999,1,0.1
20040818,-9999,5,0.5
20040819,-9999,15,1.5
20040820,-9999,4,0.4
20040821,-9999,0,0
20040822,-9999,0,0
20040823,-9999,0,0
20040824,-9999,6,0.6
20040825,-9999,0,0
20040826,-9999,11,1.1
20040827,-9999,0,0
20040828,-9999,0,0
20040829,-9999,0,0
20040830,-9999,16,1.6
20040831,-9999,0,0
20040901,-9999,0,0
20040902,-9999,100,10
20040903,-9999,36,3.6
20040904,-9999,5,0.5
20040905,-9999,265,26.5
20040906,-9999,174,17.4
20040907,-9999,12,1.2
20040908,-9999,2,0.2
20040909,-9999,134,13.4
20040910,-9999,0,0
20040911,-9999,1,0.1
20040912,-9999,0,0
20040913,-9999,1,0.1
20040914,-9999,101,10.1
20040915,-9999,3,0.3
20040916,-9999,1,0.1
20040917,-9999,0,0
20040918,-9999,0,0
20040919,-9999,75,7.5
20040920,-9999,2,0.2
20040921,-9999,2,0.2
20040922,-9999,8,0.8
20040923,-9999,0,0
20040924,-9999,65,6.5
20040925,-9999,6,0.6
20040926,-9999,0,0
20040927,-9999,5,0.5
20040928,-9999,0,0
20040929,-9999,0,0
20040930,-9999,0,0
20041001,-9999,0,0
20041002,-9999,0,0
20041003,-9999,0,0
20041004,-9999,0,0
20041005,-9999,7,0.7
20041006,-9999,20,2
20041007,-9999,2,0.2
20041008,-9999,1,0.1
20041009,-9999,0,0
20041010,-9999,0,0
20041011,-9999,14,1.4
20041012,-9999,17,1.7
20041013,-9999,1,0.1
20041014,-9999,34,3.4
20041015,-9999,31,3.1
20041016,-9999,106,10.6
20041017,-9999,0,0
20041018,-9999,10,1
20041019,-9999,5,0.5
20041020,-9999,0,0
20041021,-9999,5,0.5
20041022,-9999,1,0.1
20041023,-9999,0,0
20041024,-9999,0,0
20041025,-9999,33,3.3
20041026,-9999,0,0
20041027,-9999,7,0.7
20041028,-9999,0,0
20041029,-9999,0,0
20041030,-9999,0,0
20041031,-9999,274,27.4
20041101,-9999,579,57.9
20041102,-9999,2,0.2
20041103,-9999,0,0
20041104,-9999,50,5
20041105,-9999,41,4.1
20041106,-9999,14,1.4
20041107,-9999,0,0
20041108,-9999,15,1.5
20041109,-9999,322,32.2
20041110,-9999,450,45
20041111,-9999,294,29.4
20041112,-9999,36,3.6
20041113,-9999,81,8.1
20041114,-9999,39,3.9
20041115,-9999,16,1.6
20041116,-9999,19,1.9
20041117,-9999,1,0.1
20041118,-9999,0,0
20041119,-9999,73,7.3
20041120,-9999,29,2.9
20041121,-9999,1,0.1
20041122,-9999,5,0.5
20041123,-9999,5,0.5
20041124,-9999,0,0
20041125,-9999,0,0
20041126,-9999,1,0.1
20041127,-9999,1,0.1
20041128,-9999,93,9.3
20041129,-9999,17,1.7
20041130,-9999,1,0.1
20041201,-9999,44,4.4
20041202,-9999,147,14.7
20041203,-9999,30,3
20041204,-9999,32,3.2
20041205,-9999,3,0.3
20041206,-9999,1,0.1
20041207,-9999,1,0.1
20041208,-9999,69,6.9
20041209,-9999,8,0.8
20041210,-9999,0,0
20041211,-9999,0,0
20041212,-9999,0,0
20041213,-9999,0,0
20041214,-9999,0,0
20041215,-9999,1,0.1
20041216,-9999,92,9.2
20041217,-9999,216,21.6
20041218,-9999,350,35
20041219,-9999,24,2.4
20041220,-9999,244,24.4
20041221,-9999,101,10.1
20041222,-9999,62,6.2
20041223,-9999,27,2.7
20041224,-9999,2,0.2
20041225,-9999,22,2.2
20041226,-9999,0,0
20041227,-9999,1,0.1
20041228,-9999,435,43.5
20041229,-9999,162,16.2
20041230,-9999,126,12.6
20041231,-9999,77,7.7
20050101,-9999,3,0.3
20050102,-9999,188,18.8
20050103,-9999,23,2.3
20050104,-9999,0,0
20050105,-9999,0,0
20050106,-9999,0,0
20050107,-9999,8,0.8
20050108,-9999,12,1.2
20050109,-9999,0,0
20050110,-9999,0,0
20050111,-9999,3,0.3
20050112,-9999,0,0
20050113,-9999,0,0
20050114,-9999,0,0
20050115,-9999,20,2
20050116,-9999,20,2
20050117,-9999,0,0
20050118,-9999,152,15.2
20050119,-9999,141,14.1
20050120,-9999,18,1.8
20050121,-9999,1,0.1
20050122,-9999,5,0.5
20050123,-9999,47,4.7
20050124,-9999,3,0.3
20050125,-9999,0,0
20050126,-9999,0,0
20050127,-9999,0,0
20050128,-9999,0,0
20050129,-9999,0,0
20050130,-9999,52,5.2
20050131,-9999,136,13.6
20050201,-9999,602,60.2
20050202,-9999,105,10.5
20050203,-9999,13,1.3
20050204,-9999,3,0.3
20050205,-9999,0,0
20050206,-9999,0,0
20050207,-9999,0,0
20050208,-9999,0,0
20050209,-9999,0,0
20050210,-9999,0,0
20050211,-9999,0,0
20050212,-9999,0,0
20050213,-9999,129,12.9
20050214,-9999,85,8.5
20050215,-9999,0,0
20050216,-9999,0,0
20050217,-9999,0,0
20050218,-9999,0,0
20050219,-9999,337,33.7
20050220,-9999,127,12.7
20050221,-9999,78,7.8
20050222,-9999,0,0
20050223,-9999,33,3.3
20050224,-9999,86,8.6
20050225,-9999,18,1.8
20050226,-9999,72,7.2
20050227,-9999,0,0
20050228,-9999,0,0
20050301,-9999,80,8
20050302,-9999,36,3.6
20050303,-9999,51,5.1
20050304,-9999,0,0
20050305,-9999,295,29.5
20050306,-9999,86,8.6
20050307,-9999,24,2.4
20050308,-9999,2,0.2
20050309,-9999,134,13.4
20050310,-9999,118,11.8
20050311,-9999,191,19.1
20050312,-9999,7,0.7
20050313,-9999,0,0
20050314,-9999,0,0
20050315,-9999,0,0
20050316,-9999,0,0
20050317,-9999,0,0
20050318,-9999,0,0
20050319,-9999,0,0
20050320,-9999,0,0
20050321,-9999,8,0.8
20050322,-9999,2,0.2
20050323,-9999,0,0
20050324,-9999,0,0
20050325,-9999,8,0.8
20050326,-9999,1,0.1
20050327,-9999,0,0
20050328,-9999,0,0
20050329,-9999,2,0.2
20050330,-9999,0,0
20050331,-9999,0,0
20050401,-9999,0,0
20050402,-9999,3,0.3
20050403,-9999,0,0
20050404,-9999,87,8.7
20050405,-9999,26,2.6
20050406,-9999,0,0
20050407,-9999,86,8.6
20050408,-9999,94,9.4
20050409,-9999,0,0
20050410,-9999,200,20
20050411,-9999,81,8.1
20050412,-9999,19,1.9
20050413,-9999,0,0
20050414,-9999,109,10.9
20050415,-9999,40,4
20050416,-9999,225,22.5
20050417,-9999,12,1.2
20050418,-9999,139,13.9
20050419,-9999,25,2.5
20050420,-9999,58,5.8
20050421,-9999,101,10.1
20050422,-9999,66,6.6
20050423,-9999,3,0.3
20050424,-9999,41,4.1
20050425,-9999,2,0.2
20050426,-9999,0,0
20050427,-9999,0,0
20050428,-9999,0,0
20050429,-9999,0,0
20050430,-9999,0,0
20050501,-9999,0,0
20050502,-9999,0,0
20050503,-9999,0,0
20050504,-9999,102,10.2
20050505,-9999,23,2.3
20050506,-9999,0,0
20050507,-9999,0,0
20050508,-9999,0,0
20050509,-9999,62,6.2
20050510,-9999,69,6.9
20050511,-9999,1,0.1
20050512,-9999,42,4.2
20050513,-9999,18,1.8
20050514,-9999,0,0
20050515,-9999,0,0
20050516,-9999,340,34
20050517,-9999,606,60.6
20050518,-9999,0,0
20050519,-9999,0,0
20050520,-9999,0,0
20050521,-9999,18,1.8
20050522,-9999,0,0
20050523,-9999,0,0
20050524,-9999,0,0
20050525,-9999,0,0
20050526,-9999,0,0
20050527,-9999,0,0
20050528,-9999,9,0.9
20050529,-9999,75,7.5
20050530,-9999,34,3.4
20050531,-9999,0,0
20050601,-9999,0,0
20050602,-9999,0,0
20050603,-9999,5,0.5
20050604,-9999,7,0.7
20050605,-9999,0,0
20050606,-9999,0,0
20050607,-9999,0,0
20050608,-9999,0,0
20050609,-9999,0,0
20050610,-9999,0,0
20050611,-9999,79,7.9
20050612,-9999,0,0
20050613,-9999,21,2.1
20050614,-9999,24,2.4
20050615,-9999,0,0
20050616,-9999,0,0
20050617,-9999,0,0
20050618,-9999,0,0
20050619,-9999,0,0
20050620,-9999,80,8
20050621,-9999,5,0.5
20050622,-9999,1,0.1
20050623,-9999,0,0
20050624,-9999,26,2.6
20050625,-9999,36,3.6
20050626,-9999,13,1.3
20050627,-9999,17,1.7
20050628,-9999,0,0
20050629,-9999,0,0
20050630,-9999,11,1.1
20050701,-9999,1,0.1
20050702,-9999,0,0
20050703,-9999,4,0.4
20050704,-9999,39,3.9
20050705,-9999,0,0
20050706,-9999,55,5.5
20050707,-9999,1,0.1
20050708,-9999,3,0.3
20050709,-9999,1,0.1
20050710,-9999,0,0
20050711,-9999,0,0
20050712,-9999,0,0
20050713,-9999,0,0
20050714,-9999,0,0
20050715,-9999,12,1.2
20050716,-9999,5,0.5
20050717,-9999,0,0
20050718,-9999,4,0.4
20050719,-9999,0,0
20050720,-9999,0,0
20050721,-9999,0,0
20050722,-9999,0,0
20050723,-9999,0,0
20050724,-9999,25,2.5
20050725,-9999,12,1.2
20050726,-9999,2,0.2
20050727,-9999,0,0
20050728,-9999,3,0.3
20050729,-9999,1,0.1
20050730,-9999,0,0
20050731,-9999,0,0
20050801,-9999,39,3.9
20050802,-9999,6,0.6
20050803,-9999,0,0
20050804,-9999,0,0
20050805,-9999,0,0
20050806,-9999,0,0
20050807,-9999,0,0
20050808,-9999,0,0
20050809,-9999,0,0
20050810,-9999,22,2.2
20050811,-9999,6,0.6
20050812,-9999,0,0
20050813,-9999,0,0
20050814,-9999,0,0
20050815,-9999,3,0.3
20050816,-9999,29,2.9
20050817,-9999,0,0
20050818,-9999,0,0
20050819,-9999,56,5.6
20050820,-9999,209,20.9
20050821,-9999,77,7.7
20050822,-9999,0,0
20050823,-9999,37,3.7
20050824,-9999,0,0
20050825,-9999,35,3.5
20050826,-9999,23,2.3
20050827,-9999,14,1.4
20050828,-9999,13,1.3
20050829,-9999,0,0
20050830,-9999,0,0
20050831,-9999,0,0
20050901,-9999,0,0
20050902,-9999,0,0
20050903,-9999,3,0.3
20050904,-9999,3,0.3
20050905,-9999,0,0
20050906,-9999,13,1.3
20050907,-9999,0,0
20050908,-9999,8,0.8
20050909,-9999,7,0.7
20050910,-9999,0,0
20050911,-9999,25,2.5
20050912,-9999,407,40.7
20050913,-9999,9,0.9
20050914,-9999,0,0
20050915,-9999,0,0
20050916,-9999,101,10.1
20050917,-9999,122,12.2
20050918,-9999,0,0
20050919,-9999,0,0
20050920,-9999,0,0
20050921,-9999,0,0
20050922,-9999,0,0
20050923,-9999,0,0
20050924,-9999,3,0.3
20050925,-9999,9,0.9
20050926,-9999,0,0
20050927,-9999,0,0
20050928,-9999,7,0.7
20050929,-9999,0,0
20050930,-9999,0,0
20051001,-9999,104,10.4
20051002,-9999,54,5.4
20051003,-9999,8,0.8
20051004,-9999,0,0
20051005,-9999,0,0
20051006,-9999,0,0
20051007,-9999,0,0
20051008,-9999,0,0
20051009,-9999,0,0
20051010,-9999,2,0.2
20051011,-9999,0,0
20051012,-9999,262,26.2
20051013,-9999,201,20.1
20051014,-9999,10,1
20051015,-9999,0,0
20051016,-9999,0,0
20051017,-9999,0,0
20051018,-9999,50,5
20051019,-9999,0,0
20051020,-9999,3,0.3
20051021,-9999,0,0
20051022,-9999,11,1.1
20051023,-9999,1,0.1
20051024,-9999,0,0
20051025,-9999,0,0
20051026,-9999,0,0
20051027,-9999,0,0
20051028,-9999,19,1.9
20051029,-9999,0,0
20051030,-9999,43,4.3
20051031,-9999,80,8
20051101,-9999,0,0
20051102,-9999,0,0
20051103,-9999,208,20.8
20051104,-9999,100,10
20051105,-9999,0,0
20051106,-9999,0,0
20051107,-9999,0,0
20051108,-9999,91,9.1
20051109,-9999,186,18.6
20051110,-9999,47,4.7
20051111,-9999,0,0
20051112,-9999,232,23.2
20051113,-9999,292,29.2
20051114,-9999,54,5.4
20051115,-9999,298,29.8
20051116,-9999,68,6.8
20051117,-9999,58,5.8
20051118,-9999,0,0
20051119,-9999,0,0
20051120,-9999,0,0
20051121,-9999,0,0
20051122,-9999,0,0
20051123,-9999,0,0
20051124,-9999,7,0.7
20051125,-9999,99,9.9
20051126,-9999,0,0
20051127,-9999,53,5.3
20051128,-9999,52,5.2
20051129,-9999,130,13
20051130,-9999,223,22.3
20051201,-9999,0,0
20051202,-9999,19,1.9
20051203,-9999,15,1.5
20051204,-9999,90,9
20051205,-9999,132,13.2
20051206,-9999,107,10.7
20051207,-9999,2,0.2
20051208,-9999,119,11.9
20051209,-9999,135,13.5
20051210,-9999,0,0
20051211,-9999,0,0
20051212,-9999,37,3.7
20051213,-9999,150,15
20051214,-9999,30,3
20051215,-9999,18,1.8
20051216,-9999,1,0.1
20051217,-9999,202,20.2
20051218,-9999,7,0.7
20051219,-9999,0,0
20051220,-9999,0,0
20051221,-9999,0,0
20051222,-9999,0,0
20051223,-9999,0,0
20051224,-9999,0,0
20051225,-9999,0,0
20051226,-9999,0,0
20051227,-9999,0,0
20051228,-9999,12,1.2
20051229,-9999,201,20.1
20051230,-9999,353,35.3
20051231,-9999,121,12.1
20060101,-9999,167,16.7
20060102,-9999,200,20
20060103,-9999,109,10.9
20060104,-9999,69,6.9
20060105,-9999,25,2.5
20060106,-9999,6,0.6
20060107,-9999,3,0.3
20060108,-9999,3,0.3
20060109,-9999,62,6.2
20060110,-9999,3,0.3
20060111,-9999,0,0
20060112,-9999,0,0
20060113,-9999,9,0.9
20060114,-9999,28,2.8
20060115,-9999,9,0.9
20060116,-9999,10,1
20060117,-9999,12,1.2
20060118,-9999,215,21.5
20060119,-9999,33,3.3
20060120,-9999,1,0.1
20060121,-9999,12,1.2
20060122,-9999,12,1.2
20060123,-9999,0,0
20060124,-9999,0,0
20060125,-9999,2,0.2
20060126,-9999,2,0.2
20060127,-9999,200,20
20060128,-9999,102,10.2
20060129,-9999,0,0
20060130,-9999,0,0
20060131,-9999,0,0
20060201,-9999,0,0
20060202,-9999,0,0
20060203,-9999,0,0
20060204,-9999,0,0
20060205,-9999,0,0
20060206,-9999,0,0
20060207,-9999,0,0
20060208,-9999,0,0
20060209,-9999,0,0
20060210,-9999,0,0
20060211,-9999,0,0
20060212,-9999,0,0
20060213,-9999,0,0
20060214,-9999,0,0
20060215,-9999,0,0
20060216,-9999,6,0.6
20060217,-9999,2,0.2
20060218,-9999,3,0.3
20060219,-9999,24,2.4
20060220,-9999,22,2.2
20060221,-9999,257,25.7
20060222,-9999,8,0.8
20060223,-9999,84,8.4
20060224,-9999,31,3.1
20060225,-9999,0,0
20060226,-9999,134,13.4
20060227,-9999,0,0
20060228,-9999,0,0
20060301,-9999,24,2.4
20060302,-9999,0,0
20060303,-9999,0,0
20060304,-9999,44,4.4
20060305,-9999,212,21.2
20060306,-9999,108,10.8
20060307,-9999,53,5.3
20060308,-9999,0,0
20060309,-9999,49,4.9
20060310,-9999,135,13.5
20060311,-9999,413,41.3
20060312,-9999,31,3.1
20060313,-9999,3,0.3
20060314,-9999,0,0
20060315,-9999,0,0
20060316,-9999,0,0
20060317,-9999,0,0
20060318,-9999,0,0
20060319,-9999,0,0
20060320,-9999,0,0
20060321,-9999,47,4.7
20060322,-9999,30,3
20060323,-9999,35,3.5
20060324,-9999,0,0
20060325,-9999,0,0
20060326,-9999,0,0
20060327,-9999,10,1
20060328,-9999,1,0.1
20060329,-9999,0,0
20060330,-9999,0,0
20060331,-9999,0,0
20060401,-9999,0,0
20060402,-9999,0,0
20060403,-9999,0,0
20060404,-9999,0,0
20060405,-9999,69,6.9
20060406,-9999,20,2
20060407,-9999,2,0.2
20060408,-9999,0,0
20060409,-9999,114,11.4
20060410,-9999,37,3.7
20060411,-9999,0,0
20060412,-9999,0,0
20060413,-9999,0,0
20060414,-9999,0,0
20060415,-9999,16,1.6
20060416,-9999,68,6.8
20060417,-9999,120,12
20060418,-9999,32,3.2
20060419,-9999,0,0
20060420,-9999,0,0
20060421,-9999,147,14.7
20060422,-9999,0,0
20060423,-9999,0,0
20060424,-9999,7,0.7
20060425,-9999,12,1.2
20060426,-9999,3,0.3
20060427,-9999,57,5.7
20060428,-9999,26,2.6
20060429,-9999,0,0
20060430,-9999,1,0.1
20060501,-9999,0,0
20060502,-9999,0,0
20060503,-9999,0,0
20060504,-9999,14,1.4
20060505,-9999,176,17.6
20060506,-9999,52,5.2
20060507,-9999,27,2.7
20060508,-9999,20,2
20060509,-9999,0,0
20060510,-9999,0,0
20060511,-9999,146,14.6
20060512,-9999,92,9.2
20060513,-9999,1,0.1
20060514,-9999,0,0
20060515,-9999,0,0
20060516,-9999,0,0
20060517,-9999,0,0
20060518,-9999,17,1.7
20060519,-9999,4,0.4
20060520,-9999,1,0.1
20060521,-9999,0,0
20060522,-9999,84,8.4
20060523,-9999,1,0.1
20060524,-9999,0,0
20060525,-9999,0,0
20060526,-9999,1,0.1
20060527,-9999,0,0
20060528,-9999,0,0
20060529,-9999,18,1.8
20060530,-9999,2,0.2
20060531,-9999,0,0
20060601,-9999,0,0
20060602,-9999,0,0
20060603,-9999,0,0
20060604,-9999,0,0
20060605,-9999,0,0
20060606,-9999,0,0
20060607,-9999,0,0
20060608,-9999,0,0
20060609,-9999,0,0
20060610,-9999,0,0
20060611,-9999,0,0
20060612,-9999,0,0
20060613,-9999,0,0
20060614,-9999,4,0.4
20060615,-9999,364,36.4
20060616,-9999,308,30.8
20060617,-9999,0,0
20060618,-9999,3,0.3
20060619,-9999,175,17.5
20060620,-9999,36,3.6
20060621,-9999,1,0.1
20060622,-9999,1,0.1
20060623,-9999,222,22.2
20060624,-9999,168,16.8
20060625,-9999,9,0.9
20060626,-9999,29,2.9
20060627,-9999,72,7.2
20060628,-9999,88,8.8
20060629,-9999,11,1.1
20060630,-9999,0,0
20060701,-9999,0,0
20060702,-9999,9,0.9
20060703,-9999,0,0
20060704,-9999,4,0.4
20060705,-9999,19,1.9
20060706,-9999,12,1.2
20060707,-9999,0,0
20060708,-9999,0,0
20060709,-9999,0,0
20060710,-9999,0,0
20060711,-9999,50,5
20060712,-9999,19,1.9
20060713,-9999,19,1.9
20060714,-9999,0,0
20060715,-9999,5,0.5
20060716,-9999,0,0
20060717,-9999,0,0
20060718,-9999,64,6.4
20060719,-9999,1,0.1
20060720,-9999,0,0
20060721,-9999,1,0.1
20060722,-9999,2,0.2
20060723,-9999,0,0
20060724,-9999,0,0
20060725,-9999,7,0.7
20060726,-9999,4,0.4
20060727,-9999,89,8.9
20060728,-9999,7,0.7
20060729,-9999,0,0
20060730,-9999,36,3.6
20060731,-9999,1,0.1
20060801,-9999,0,0
20060802,-9999,0,0
20060803,-9999,347,34.7
20060804,-9999,8,0.8
20060805,-9999,0,0
20060806,-9999,0,0
20060807,-9999,0,0
20060808,-9999,0,0
20060809,-9999,0,0
20060810,-9999,1,0.1
20060811,-9999,0,0
20060812,-9999,0,0
20060813,-9999,0,0
20060814,-9999,0,0
20060815,-9999,1,0.1
20060816,-9999,32,3.2
20060817,-9999,0,0
20060818,-9999,15,1.5
20060819,-9999,24,2.4
20060820,-9999,2,0.2
20060821,-9999,0,0
20060822,-9999,0,0
20060823,-9999,0,0
20060824,-9999,12,1.2
20060825,-9999,0,0
20060826,-9999,1,0.1
20060827,-9999,0,0
20060828,-9999,0,0
20060829,-9999,0,0
20060830,-9999,68,6.8
20060831,-9999,0,0
20060901,-9999,0,0
20060902,-9999,0,0
20060903,-9999,0,0
20060904,-9999,0,0
20060905,-9999,0,0
20060906,-9999,0,0
20060907,-9999,0,0
20060908,-9999,0,0
20060909,-9999,0,0
20060910,-9999,0,0
20060911,-9999,0,0
20060912,-9999,58,5.8
20060913,-9999,42,4.2
20060914,-9999,26,2.6
20060915,-9999,6,0.6
20060916,-9999,36,3.6
20060917,-9999,3,0.3
20060918,-9999,3,0.3
20060919,-9999,0,0
20060920,-9999,0,0
20060921,-9999,0,0
20060922,-9999,0,0
20060923,-9999,0,0
20060924,-9999,70,7
20060925,-9999,0,0
20060926,-9999,14,1.4
20060927,-9999,0,0
20060928,-9999,0,0
20060929,-9999,0,0
20060930,-9999,0,0
20061001,-9999,0,0
20061002,-9999,0,0
20061003,-9999,129,12.9
20061004,-9999,35,3.5
20061005,-9999,13,1.3
20061006,-9999,23,2.3
20061007,-9999,32,3.2
20061008,-9999,59,5.9
20061009,-9999,2,0.2
20061010,-9999,0,0
20061011,-9999,117,11.7
20061012,-9999,48,4.8
20061013,-9999,0,0
20061014,-9999,0,0
20061015,-9999,0,0
20061016,-9999,0,0
20061017,-9999,37,3.7
20061018,-9999,7,0.7
20061019,-9999,7,0.7
20061020,-9999,19,1.9
20061021,-9999,0,0
20061022,-9999,32,3.2
20061023,-9999,0,0
20061024,-9999,0,0
20061025,-9999,16,1.6
20061026,-9999,37,3.7
20061027,-9999,0,0
20061028,-9999,0,0
20061029,-9999,0,0
20061030,-9999,0,0
20061031,-9999,0,0
20061101,-9999,36,3.6
20061102,-9999,0,0
20061103,-9999,0,0
20061104,-9999,9,0.9
20061105,-9999,0,0
20061106,-9999,0,0
20061107,-9999,0,0
20061108,-9999,0,0
20061109,-9999,0,0
20061110,-9999,0,0
20061111,-9999,0,0
20061112,-9999,1,0.1
20061113,-9999,0,0
20061114,-9999,0,0
20061115,-9999,0,0
20061116,-9999,14,1.4
20061117,-9999,1,0.1
20061118,-9999,0,0
20061119,-9999,70,7
20061120,-9999,0,0
20061121,-9999,306,30.6
20061122,-9999,141,14.1
20061123,-9999,0,0
20061124,-9999,30,3
20061125,-9999,0,0
20061126,-9999,0,0
20061127,-9999,0,0
20061128,-9999,34,3.4
20061129,-9999,5,0.5
20061130,-9999,0,0
20061201,-9999,0,0
20061202,-9999,59,5.9
20061203,-9999,3,0.3
20061204,-9999,0,0
20061205,-9999,227,22.7
20061206,-9999,25,2.5
20061207,-9999,0,0
20061208,-9999,55,5.5
20061209,-9999,87,8.7
20061210,-9999,89,8.9
20061211,-9999,0,0
20061212,-9999,54,5.4
20061213,-9999,0,0
20061214,-9999,0,0
20061215,-9999,0,0
20061216,-9999,0,0
20061217,-9999,24,2.4
20061218,-9999,116,11.6
20061219,-9999,32,3.2
20061220,-9999,6,0.6
20061221,-9999,0,0
20061222,-9999,0,0
20061223,-9999,0,0
20061224,-9999,0,0
20061225,-9999,0,0
20061226,-9999,0,0
20061227,-9999,0,0
20061228,-9999,0,0
20061229,-9999,0,0
20061230,-9999,0,0
20061231,-9999,0,0
20070101,-9999,16,1.6
20070102,-9999,1,0.1
20070103,-9999,0,0
20070104,-9999,0,0
20070105,-9999,1,0.1
20070106,-9999,0,0
20070107,-9999,0,0
20070108,-9999,0,0
20070109,-9999,0,0
20070110,-9999,0,0
20070111,-9999,0,0
20070112,-9999,0,0
20070113,-9999,0,0
20070114,-9999,0,0
20070115,-9999,0,0
20070116,-9999,0,0
20070117,-9999,0,0
20070118,-9999,0,0
20070119,-9999,0,0
20070120,-9999,0,0
20070121,-9999,30,3
20070122,-9999,204,20.4
20070123,-9999,143,14.3
20070124,-9999,116,11.6
20070125,-9999,251,25.1
20070126,-9999,0,0
20070127,-9999,0,0
20070128,-9999,0,0
20070129,-9999,0,0
20070130,-9999,16,1.6
20070131,-9999,36,3.6
20070201,-9999,0,0
20070202,-9999,0,0
20070203,-9999,0,0
20070204,-9999,0,0
20070205,-9999,0,0
20070206,-9999,0,0
20070207,-9999,1,0.1
20070208,-9999,12,1.2
20070209,-9999,68,6.8
20070210,-9999,63,6.3
20070211,-9999,21,2.1
20070212,-9999,126,12.6
20070213,-9999,0,0
20070214,-9999,16,1.6
20070215,-9999,0,0
20070216,-9999,10,1
20070217,-9999,116,11.6
20070218,-9999,323,32.3
20070219,-9999,1,0.1
20070220,-9999,37,3.7
20070221,-9999,1,0.1
20070222,-9999,0,0
20070223,-9999,64,6.4
20070224,-9999,2,0.2
20070225,-9999,49,4.9
20070226,-9999,10,1
20070227,-9999,2,0.2
20070228,-9999,10,1
20070301,-9999,0,0
20070302,-9999,0,0
20070303,-9999,0,0
20070304,-9999,0,0
20070305,-9999,0,0
20070306,-9999,5,0.5
20070307,-9999,184,18.4
20070308,-9999,58,5.8
20070309,-9999,83,8.3
20070310,-9999,0,0
20070311,-9999,0,0
20070312,-9999,0,0
20070313,-9999,0,0
20070314,-9999,0,0
20070315,-9999,0,0
20070316,-9999,0,0
20070317,-9999,0,0
20070318,-9999,0,0
20070319,-9999,330,33
20070320,-9999,374,37.4
20070321,-9999,316,31.6
20070322,-9999,73,7.3
20070323,-9999,205,20.5
20070324,-9999,65,6.5
20070325,-9999,0,0
20070326,-9999,40,4
20070327,-9999,195,19.5
20070328,-9999,12,1.2
20070329,-9999,35,3.5
20070330,-9999,37,3.7
20070331,-9999,21,2.1
20070401,-9999,10,1
20070402,-9999,38,3.8
20070403,-9999,0,0
20070404,-9999,109,10.9
20070405,-9999,2,0.2
20070406,-9999,0,0
20070407,-9999,16,1.6
20070408,-9999,13,1.3
20070409,-9999,16,1.6
20070410,-9999,0,0
20070411,-9999,0,0
20070412,-9999,3,0.3
20070413,-9999,60,6
20070414,-9999,1,0.1
20070415,-9999,1,0.1
20070416,-9999,0,0
20070417,-9999,0,0
20070418,-9999,0,0
20070419,-9999,13,1.3
20070420,-9999,74,7.4
20070421,-9999,0,0
20070422,-9999,0,0
20070423,-9999,0,0
20070424,-9999,0,0
20070425,-9999,76,7.6
20070426,-9999,374,37.4
20070427,-9999,77,7.7
20070428,-9999,0,0
20070429,-9999,10,1
20070430,-9999,90,9
20070501,-9999,13,1.3
20070502,-9999,0,0
20070503,-9999,1,0.1
20070504,-9999,5,0.5
20070505,-9999,129,12.9
20070506,-9999,0,0
20070507,-9999,0,0
20070508,-9999,0,0
20070509,-9999,0,0
20070510,-9999,0,0
20070511,-9999,0,0
20070512,-9999,0,0
20070513,-9999,6,0.6
20070514,-9999,14,1.4
20070515,-9999,0,0
20070516,-9999,0,0
20070517,-9999,9,0.9
20070518,-9999,2,0.2
20070519,-9999,66,6.6
20070520,-9999,476,47.6
20070521,-9999,92,9.2
20070522,-9999,24,2.4
20070523,-9999,26,2.6
20070524,-9999,229,22.9
20070525,-9999,13,1.3
20070526,-9999,84,8.4
20070527,-9999,92,9.2
20070528,-9999,38,3.8
20070529,-9999,0,0
20070530,-9999,9,0.9
20070531,-9999,58,5.8
20070601,-9999,8,0.8
20070602,-9999,20,2
20070603,-9999,0,0
20070604,-9999,51,5.1
20070605,-9999,3,0.3
20070606,-9999,0,0
20070607,-9999,0,0
20070608,-9999,24,2.4
20070609,-9999,207,20.7
20070610,-9999,20,2
20070611,-9999,0,0
20070612,-9999,106,10.6
20070613,-9999,103,10.3
20070614,-9999,16,1.6
20070615,-9999,0,0
20070616,-9999,0,0
20070617,-9999,31,3.1
20070618,-9999,0,0
20070619,-9999,0,0
20070620,-9999,0,0
20070621,-9999,0,0
20070622,-9999,0,0
20070623,-9999,0,0
20070624,-9999,0,0
20070625,-9999,6,0.6
20070626,-9999,21,2.1
20070627,-9999,3,0.3
20070628,-9999,0,0
20070629,-9999,0,0
20070630,-9999,0,0
20070701,-9999,0,0
20070702,-9999,0,0
20070703,-9999,3,0.3
20070704,-9999,0,0
20070705,-9999,0,0
20070706,-9999,0,0
20070707,-9999,19,1.9
20070708,-9999,62,6.2
20070709,-9999,4,0.4
20070710,-9999,0,0
20070711,-9999,2,0.2
20070712,-9999,0,0
20070713,-9999,0,0
20070714,-9999,0,0
20070715,-9999,0,0
20070716,-9999,0,0
20070717,-9999,24,2.4
20070718,-9999,13,1.3
20070719,-9999,2,0.2
20070720,-9999,0,0
20070721,-9999,0,0
20070722,-9999,0,0
20070723,-9999,6,0.6
20070724,-9999,0,0
20070725,-9999,0,0
20070726,-9999,0,0
20070727,-9999,0,0
20070728,-9999,0,0
20070729,-9999,0,0
20070730,-9999,0,0
20070731,-9999,0,0
20070801,-9999,0,0
20070802,-9999,0,0
20070803,-9999,0,0
20070804,-9999,0,0
20070805,-9999,15,1.5
20070806,-9999,121,12.1
20070807,-9999,29,2.9
20070808,-9999,0,0
20070809,-9999,0,0
20070810,-9999,0,0
20070811,-9999,0,0
20070812,-9999,0,0
20070813,-9999,0,0
20070814,-9999,0,0
20070815,-9999,47,4.7
20070816,-9999,1,0.1
20070817,-9999,0,0
20070818,-9999,0,0
20070819,-9999,45,4.5
20070820,-9999,19,1.9
20070821,-9999,222,22.2
20070822,-9999,51,5.1
20070823,-9999,92,9.2
20070824,-9999,32,3.2
20070825,-9999,12,1.2
20070826,-9999,0,0
20070827,-9999,0,0
20070828,-9999,6,0.6
20070829,-9999,38,3.8
20070830,-9999,1,0.1
20070831,-9999,0,0
20070901,-9999,0,0
20070902,-9999,0,0
20070903,-9999,4,0.4
20070904,-9999,51,5.1
20070905,-9999,0,0
20070906,-9999,0,0
20070907,-9999,0,0
20070908,-9999,0,0
20070909,-9999,0,0
20070910,-9999,0,0
20070911,-9999,0,0
20070912,-9999,0,0
20070913,-9999,0,0
20070914,-9999,0,0
20070915,-9999,0,0
20070916,-9999,187,18.7
20070917,-9999,16,1.6
20070918,-9999,47,4.7
20070919,-9999,0,0
20070920,-9999,0,0
20070921,-9999,0,0
20070922,-9999,75,7.5
20070923,-9999,4,0.4
20070924,-9999,65,6.5
20070925,-9999,85,8.5
20070926,-9999,76,7.6
20070927,-9999,218,21.8
20070928,-9999,1,0.1
20070929,-9999,0,0
20070930,-9999,58,5.8
20071001,-9999,100,10
20071002,-9999,4,0.4
20071003,-9999,151,15.1
20071004,-9999,1,0.1
20071005,-9999,61,6.1
20071006,-9999,0,0
20071007,-9999,0,0
20071008,-9999,2,0.2
20071009,-9999,0,0
20071010,-9999,184,18.4
20071011,-9999,98,9.8
20071012,-9999,0,0
20071013,-9999,0,0
20071014,-9999,0,0
20071015,-9999,0,0
20071016,-9999,0,0
20071017,-9999,0,0
20071018,-9999,14,1.4
20071019,-9999,0,0
20071020,-9999,0,0
20071021,-9999,0,0
20071022,-9999,0,0
20071023,-9999,73,7.3
20071024,-9999,14,1.4
20071025,-9999,12,1.2
20071026,-9999,38,3.8
20071027,-9999,1,0.1
20071028,-9999,0,0
20071029,-9999,122,12.2
20071030,-9999,152,15.2
20071031,-9999,20,2
20071101,-9999,0,0
20071102,-9999,0,0
20071103,-9999,0,0
20071104,-9999,3,0.3
20071105,-9999,1,0.1
20071106,-9999,0,0
20071107,-9999,0,0
20071108,-9999,0,0
20071109,-9999,1,0.1
20071110,-9999,0,0
20071111,-9999,0,0
20071112,-9999,0,0
20071113,-9999,12,1.2
20071114,-9999,175,17.5
20071115,-9999,100,10
20071116,-9999,0,0
20071117,-9999,0,0
20071118,-9999,1,0.1
20071119,-9999,0,0
20071120,-9999,103,10.3
20071121,-9999,0,0
20071122,-9999,54,5.4
20071123,-9999,30,3
20071124,-9999,66,6.6
20071125,-9999,24,2.4
20071126,-9999,52,5.2
20071127,-9999,8,0.8
20071128,-9999,1,0.1
20071129,-9999,0,0
20071130,-9999,0,0
20071201,-9999,24,2.4
20071202,-9999,1,0.1
20071203,-9999,21,2.1
20071204,-9999,30,3
20071205,-9999,0,0
20071206,-9999,0,0
20071207,-9999,2,0.2
20071208,-9999,1,0.1
20071209,-9999,36,3.6
20071210,-9999,268,26.8
20071211,-9999,37,3.7
20071212,-9999,0,0
20071213,-9999,0,0
20071214,-9999,0,0
20071215,-9999,0,0
20071216,-9999,0,0
20071217,-9999,0,0
20071218,-9999,0,0
20071219,-9999,0,0
20071220,-9999,0,0
20071221,-9999,0,0
20071222,-9999,0,0
20071223,-9999,0,0
20071224,-9999,0,0
20071225,-9999,0,0
20071226,-9999,7,0.7
20071227,-9999,0,0
20071228,-9999,0,0
20071229,-9999,0,0
20071230,-9999,119,11.9
20071231,-9999,0,0
20080101,-9999,0,0
20080102,-9999,0,0
20080103,-9999,6,0.6
20080104,-9999,0,0
20080105,-9999,9,0.9
20080106,-9999,0,0
20080107,-9999,8,0.8
20080108,-9999,3,0.3
20080109,-9999,35,3.5
20080110,-9999,0,0
20080111,-9999,75,7.5
20080112,-9999,33,3.3
20080113,-9999,0,0
20080114,-9999,0,0
20080115,-9999,105,10.5
20080116,-9999,26,2.6
20080117,-9999,13,1.3
20080118,-9999,3,0.3
20080119,-9999,0,0
20080120,-9999,0,0
20080121,-9999,0,0
20080122,-9999,0,0
20080123,-9999,0,0
20080124,-9999,3,0.3
20080125,-9999,14,1.4
20080126,-9999,0,0
20080127,-9999,0,0
20080128,-9999,0,0
20080129,-9999,0,0
20080130,-9999,75,7.5
20080131,-9999,7,0.7
20080201,-9999,7,0.7
20080202,-9999,40,4
20080203,-9999,39,3.9
20080204,-9999,0,0
20080205,-9999,0,0
20080206,-9999,0,0
20080207,-9999,0,0
20080208,-9999,0,0
20080209,-9999,0,0
20080210,-9999,0,0
20080211,-9999,0,0
20080212,-9999,0,0
20080213,-9999,0,0
20080214,-9999,0,0
20080215,-9999,0,0
20080216,-9999,0,0
20080217,-9999,0,0
20080218,-9999,0,0
20080219,-9999,0,0
20080220,-9999,1,0.1
20080221,-9999,0,0
20080222,-9999,0,0
20080223,-9999,0,0
20080224,-9999,0,0
20080225,-9999,0,0
20080226,-9999,2,0.2
20080227,-9999,81,8.1
20080228,-9999,115,11.5
20080229,-9999,1,0.1
20080301,-9999,0,0
20080302,-9999,0,0
20080303,-9999,51,5.1
20080304,-9999,208,20.8
20080305,-9999,60,6
20080306,-9999,0,0
20080307,-9999,0,0
20080308,-9999,56,5.6
20080309,-9999,33,3.3
20080310,-9999,36,3.6
20080311,-9999,4,0.4
20080312,-9999,0,0
20080313,-9999,0,0
20080314,-9999,0,0
20080315,-9999,0,0
20080316,-9999,0,0
20080317,-9999,7,0.7
20080318,-9999,203,20.3
20080319,-9999,6,0.6
20080320,-9999,0,0
20080321,-9999,78,7.8
20080322,-9999,383,38.3
20080323,-9999,313,31.3
20080324,-9999,402,40.2
20080325,-9999,45,4.5
20080326,-9999,7,0.7
20080327,-9999,168,16.8
20080328,-9999,12,1.2
20080329,-9999,0,0
20080330,-9999,76,7.6
20080331,-9999,33,3.3
20080401,-9999,127,12.7
20080402,-9999,7,0.7
20080403,-9999,0,0
20080404,-9999,0,0
20080405,-9999,0,0
20080406,-9999,0,0
20080407,-9999,23,2.3
20080408,-9999,2,0.2
20080409,-9999,13,1.3
20080410,-9999,123,12.3
20080411,-9999,6,0.6
20080412,-9999,4,0.4
20080413,-9999,58,5.8
20080414,-9999,23,2.3
20080415,-9999,0,0
20080416,-9999,0,0
20080417,-9999,73,7.3
20080418,-9999,11,1.1
20080419,-9999,2,0.2
20080420,-9999,1,0.1
20080421,-9999,47,4.7
20080422,-9999,12,1.2
20080423,-9999,110,11
20080424,-9999,0,0
20080425,-9999,0,0
20080426,-9999,0,0
20080427,-9999,0,0
20080428,-9999,32,3.2
20080429,-9999,63,6.3
20080430,-9999,74,7.4
20080501,-9999,1,0.1
20080502,-9999,0,0
20080503,-9999,0,0
20080504,-9999,48,4.8
20080505,-9999,4,0.4
20080506,-9999,0,0
20080507,-9999,5,0.5
20080508,-9999,101,10.1
20080509,-9999,162,16.2
20080510,-9999,226,22.6
20080511,-9999,4,0.4
20080512,-9999,0,0
20080513,-9999,73,7.3
20080514,-9999,4,0.4
20080515,-9999,5,0.5
20080516,-9999,34,3.4
20080517,-9999,28,2.8
20080518,-9999,120,12
20080519,-9999,24,2.4
20080520,-9999,0,0
20080521,-9999,142,14.2
20080522,-9999,0,0
20080523,-9999,83,8.3
20080524,-9999,265,26.5
20080525,-9999,11,1.1
20080526,-9999,16,1.6
20080527,-9999,0,0
20080528,-9999,30,3
20080529,-9999,4,0.4
20080530,-9999,21,2.1
20080531,-9999,343,34.3
20080601,-9999,579,57.9
20080602,-9999,35,3.5
20080603,-9999,1,0.1
20080604,-9999,8,0.8
20080605,-9999,7,0.7
20080606,-9999,30,3
20080607,-9999,0,0
20080608,-9999,59,5.9
20080609,-9999,146,14.6
20080610,-9999,185,18.5
20080611,-9999,1,0.1
20080612,-9999,0,0
20080613,-9999,0,0
20080614,-9999,0,0
20080615,-9999,32,3.2
20080616,-9999,66,6.6
20080617,-9999,26,2.6
20080618,-9999,0,0
20080619,-9999,0,0
20080620,-9999,0,0
20080621,-9999,0,0
20080622,-9999,9,0.9
20080623,-9999,21,2.1
20080624,-9999,22,2.2
20080625,-9999,0,0
20080626,-9999,82,8.2
20080627,-9999,1,0.1
20080628,-9999,0,0
20080629,-9999,0,0
20080630,-9999,0,0
20080701,-9999,0,0
20080702,-9999,12,1.2
20080703,-9999,0,0
20080704,-9999,0,0
20080705,-9999,78,7.8
20080706,-9999,34,3.4
20080707,-9999,0,0
20080708,-9999,0,0
20080709,-9999,0,0
20080710,-9999,0,0
20080711,-9999,0,0
20080712,-9999,49,4.9
20080713,-9999,18,1.8
20080714,-9999,0,0
20080715,-9999,0,0
20080716,-9999,0,0
20080717,-9999,35,3.5
20080718,-9999,0,0
20080719,-9999,0,0
20080720,-9999,39,3.9
20080721,-9999,2,0.2
20080722,-9999,0,0
20080723,-9999,0,0
20080724,-9999,0,0
20080725,-9999,0,0
20080726,-9999,0,0
20080727,-9999,0,0
20080728,-9999,0,0
20080729,-9999,0,0
20080730,-9999,1,0.1
20080731,-9999,1,0.1
20080801,-9999,10,1
20080802,-9999,0,0
20080803,-9999,0,0
20080804,-9999,0,0
20080805,-9999,192,19.2
20080806,-9999,2,0.2
20080807,-9999,0,0
20080808,-9999,38,3.8
20080809,-9999,0,0
20080810,-9999,0,0
20080811,-9999,0,0
20080812,-9999,5,0.5
20080813,-9999,0,0
20080814,-9999,32,3.2
20080815,-9999,0,0
20080816,-9999,0,0
20080817,-9999,0,0
20080818,-9999,11,1.1
20080819,-9999,22,2.2
20080820,-9999,0,0
20080821,-9999,1,0.1
20080822,-9999,23,2.3
20080823,-9999,5,0.5
20080824,-9999,0,0
20080825,-9999,73,7.3
20080826,-9999,0,0
20080827,-9999,0,0
20080828,-9999,0,0
20080829,-9999,0,0
20080830,-9999,0,0
20080831,-9999,0,0
20080901,-9999,0,0
20080902,-9999,0,0
20080903,-9999,1,0.1
20080904,-9999,6,0.6
20080905,-9999,0,0
20080906,-9999,0,0
20080907,-9999,0,0
20080908,-9999,0,0
20080909,-9999,135,13.5
20080910,-9999,0,0
20080911,-9999,129,12.9
20080912,-9999,3,0.3
20080913,-9999,33,3.3
20080914,-9999,0,0
20080915,-9999,0,0
20080916,-9999,0,0
20080917,-9999,0,0
20080918,-9999,51,5.1
20080919,-9999,15,1.5
20080920,-9999,0,0
20080921,-9999,0,0
20080922,-9999,0,0
20080923,-9999,0,0
20080924,-9999,0,0
20080925,-9999,16,1.6
20080926,-9999,0,0
20080927,-9999,0,0
20080928,-9999,0,0
20080929,-9999,0,0
20080930,-9999,0,0
20081001,-9999,0,0
20081002,-9999,6,0.6
20081003,-9999,0,0
20081004,-9999,0,0
20081005,-9999,0,0
20081006,-9999,0,0
20081007,-9999,280,28
20081008,-9999,24,2.4
20081009,-9999,8,0.8
20081010,-9999,0,0
20081011,-9999,0,0
20081012,-9999,0,0
20081013,-9999,16,1.6
20081014,-9999,4,0.4
20081015,-9999,0,0
20081016,-9999,33,3.3
20081017,-9999,68,6.8
20081018,-9999,0,0
20081019,-9999,0,0
20081020,-9999,0,0
20081021,-9999,334,33.4
20081022,-9999,221,22.1
20081023,-9999,0,0
20081024,-9999,0,0
20081025,-9999,0,0
20081026,-9999,0,0
20081027,-9999,66,6.6
20081028,-9999,364,36.4
20081029,-9999,139,13.9
20081030,-9999,70,7
20081031,-9999,118,11.8
20081101,-9999,0,0
20081102,-9999,256,25.6
20081103,-9999,37,3.7
20081104,-9999,0,0
20081105,-9999,15,1.5
20081106,-9999,1,0.1
20081107,-9999,18,1.8
20081108,-9999,1,0.1
20081109,-9999,0,0
20081110,-9999,0,0
20081111,-9999,75,7.5
20081112,-9999,126,12.6
20081113,-9999,105,10.5
20081114,-9999,166,16.6
20081115,-9999,118,11.8
20081116,-9999,37,3.7
20081117,-9999,21,2.1
20081118,-9999,57,5.7
20081119,-9999,99,9.9
20081120,-9999,12,1.2
20081121,-9999,96,9.6
20081122,-9999,432,43.2
20081123,-9999,73,7.3
20081124,-9999,82,8.2
20081125,-9999,6,0.6
20081126,-9999,0,0
20081127,-9999,0,0
20081128,-9999,0,0
20081129,-9999,0,0
20081130,-9999,0,0
20081201,-9999,16,1.6
20081202,-9999,1,0.1
20081203,-9999,4,0.4
20081204,-9999,0,0
20081205,-9999,3,0.3
20081206,-9999,25,2.5
20081207,-9999,12,1.2
20081208,-9999,166,16.6
20081209,-9999,84,8.4
20081210,-9999,450,45
20081211,-9999,40,4
20081212,-9999,0,0
20081213,-9999,64,6.4
20081214,-9999,64,6.4
20081215,-9999,52,5.2
20081216,-9999,1,0.1
20081217,-9999,153,15.3
20081218,-9999,25,2.5
20081219,-9999,3,0.3
20081220,-9999,0,0
20081221,-9999,0,0
20081222,-9999,0,0
20081223,-9999,0,0
20081224,-9999,0,0
20081225,-9999,0,0
20081226,-9999,57,5.7
20081227,-9999,35,3.5
20081228,-9999,0,0
20081229,-9999,0,0
20081230,-9999,0,0
20081231,-9999,0,0
20090101,0,-9999,0
20090102,0,-9999,0
20090103,0,-9999,0
20090104,0,-9999,0
20090105,1,-9999,0.1
20090106,252,-9999,25.2
20090107,34,-9999,3.4
20090108,6,-9999,0.6
20090109,0,-9999,0
20090110,0,-9999,0
20090111,0,-9999,0
20090112,0,-9999,0
20090113,20,-9999,2
20090114,6,-9999,0.6
20090115,0,-9999,0
20090116,0,-9999,0
20090117,0,-9999,0
20090118,0,-9999,0
20090119,64,-9999,6.4
20090120,7,-9999,0.7
20090121,30,-9999,3
20090122,24,-9999,2.4
20090123,153,-9999,15.3
20090124,61,-9999,6.1
20090125,27,-9999,2.7
20090126,151,-9999,15.1
20090127,408,-9999,40.8
20090128,99,-9999,9.9
20090129,6,-9999,0.6
20090130,0,-9999,0
20090131,25,-9999,2.5
20090201,22,-9999,2.2
20090202,29,-9999,2.9
20090203,0,-9999,0
20090204,17,-9999,1.7
20090205,2,-9999,0.2
20090206,58,-9999,5.8
20090207,274,-9999,27.4
20090208,88,-9999,8.8
20090209,0,-9999,0
20090210,56,-9999,5.6
20090211,41,-9999,4.1
20090212,108,-9999,10.8
20090213,0,-9999,0
20090214,0,-9999,0
20090215,0,-9999,0
20090216,0,-9999,0
20090217,0,-9999,0
20090218,0,-9999,0
20090219,0,-9999,0
20090220,0,-9999,0
20090221,0,-9999,0
20090222,0,-9999,0
20090223,0,-9999,0
20090224,0,-9999,0
20090225,0,-9999,0
20090226,0,-9999,0
20090227,0,-9999,0
20090228,0,-9999,0
20090301,59,-9999,5.9
20090302,82,-9999,8.2
20090303,2,-9999,0.2
20090304,99,-9999,9.9
20090305,297,-9999,29.7
20090306,151,-9999,15.1
20090307,154,-9999,15.4
20090308,26,-9999,2.6
20090309,27,-9999,2.7
20090310,0,-9999,0
20090311,0,-9999,0
20090312,0,-9999,0
20090313,0,-9999,0
20090314,0,-9999,0
20090315,2,-9999,0.2
20090316,0,-9999,0
20090317,0,-9999,0
20090318,0,-9999,0
20090319,0,-9999,0
20090320,0,-9999,0
20090321,0,-9999,0
20090322,0,-9999,0
20090323,0,-9999,0
20090324,0,-9999,0
20090325,0,-9999,0
20090326,0,-9999,0
20090327,0,-9999,0
20090328,74,-9999,7.4
20090329,40,-9999,4
20090330,3,-9999,0.3
20090331,0,-9999,0
20090401,0,-9999,0
20090402,0,-9999,0
20090403,0,-9999,0
20090404,5,-9999,0.5
20090405,0,-9999,0
20090406,42,-9999,4.2
20090407,18,-9999,1.8
20090408,0,-9999,0
20090409,0,-9999,0
20090410,175,-9999,17.5
20090411,20,-9999,2
20090412,9,-9999,0.9
20090413,0,-9999,0
20090414,68,-9999,6.8
20090415,6,-9999,0.6
20090416,67,-9999,6.7
20090417,12,-9999,1.2
20090418,0,-9999,0
20090419,38,-9999,3.8
20090420,0,-9999,0
20090421,0,-9999,0
20090422,0,-9999,0
20090423,0,-9999,0
20090424,0,-9999,0
20090425,9,-9999,0.9
20090426,33,-9999,3.3
20090427,59,-9999,5.9
20090428,3,-9999,0.3
20090429,0,-9999,0
20090430,60,-9999,6
20090501,13,-9999,1.3
20090502,0,-9999,0
20090503,0,-9999,0
20090504,8,-9999,0.8
20090505,0,-9999,0
20090506,0,-9999,0
20090507,11,-9999,1.1
20090508,11,-9999,1.1
20090509,1,-9999,0.1
20090510,92,-9999,9.2
20090511,6,-9999,0.6
20090512,3,-9999,0.3
20090513,1,-9999,0.1
20090514,69,-9999,6.9
20090515,3,-9999,0.3
20090516,3,-9999,0.3
20090517,0,-9999,0
20090518,0,-9999,0
20090519,11,-9999,1.1
20090520,1,-9999,0.1
20090521,3,-9999,0.3
20090522,1,-9999,0.1
20090523,41,-9999,4.1
20090524,112,-9999,11.2
20090525,80,-9999,8
20090526,14,-9999,1.4
20090527,0,-9999,0
20090528,0,-9999,0
20090529,0,-9999,0
20090530,0,-9999,0
20090531,0,-9999,0
20090601,0,-9999,0
20090602,0,-9999,0
20090603,0,-9999,0
20090604,33,-9999,3.3
20090605,12,-9999,1.2
20090606,73,-9999,7.3
20090607,1,-9999,0.1
20090608,0,-9999,0
20090609,17,-9999,1.7
20090610,1,-9999,0.1
20090611,5,-9999,0.5
20090612,0,-9999,0
20090613,0,-9999,0
20090614,74,-9999,7.4
20090615,242,-9999,24.2
20090616,13,-9999,1.3
20090617,0,-9999,0
20090618,28,-9999,2.8
20090619,80,-9999,8
20090620,6,-9999,0.6
20090621,0,-9999,0
20090622,0,-9999,0
20090623,0,-9999,0
20090624,0,-9999,0
20090625,0,-9999,0
20090626,0,-9999,0
20090627,0,-9999,0
20090628,12,-9999,1.2
20090629,0,-9999,0
20090630,15,-9999,1.5
20090701,6,-9999,0.6
20090702,16,-9999,1.6
20090703,2,-9999,0.2
20090704,43,-9999,4.3
20090705,6,-9999,0.6
20090706,80,-9999,8
20090707,0,-9999,0
20090708,0,-9999,0
20090709,0,-9999,0
20090710,0,-9999,0
20090711,0,-9999,0
20090712,0,-9999,0
20090713,37,-9999,3.7
20090714,1,-9999,0.1
20090715,0,-9999,0
20090716,0,-9999,0
20090717,1,-9999,0.1
20090718,0,-9999,0
20090719,0,-9999,0
20090720,0,-9999,0
20090721,0,-9999,0
20090722,0,-9999,0
20090723,28,-9999,2.8
20090724,0,-9999,0
20090725,0,-9999,0
20090726,0,-9999,0
20090727,49,-9999,4.9
20090728,1,-9999,0.1
20090729,0,-9999,0
20090730,39,-9999,3.9
20090731,0,-9999,0
20090801,108,-9999,10.8
20090802,62,-9999,6.2
20090803,0,-9999,0
20090804,0,-9999,0
20090805,2,-9999,0.2
20090806,25,-9999,2.5
20090807,48,-9999,4.8
20090808,36,-9999,3.6
20090809,18,-9999,1.8
20090810,6,-9999,0.6
20090811,2,-9999,0.2
20090812,0,-9999,0
20090813,0,-9999,0
20090814,0,-9999,0
20090815,69,-9999,6.9
20090816,3,-9999,0.3
20090817,10,-9999,1
20090818,28,-9999,2.8
20090819,2,-9999,0.2
20090820,37,-9999,3.7
20090821,10,-9999,1
20090822,0,-9999,0
20090823,0,-9999,0
20090824,1,-9999,0.1
20090825,26,-9999,2.6
20090826,1,-9999,0.1
20090827,0,-9999,0
20090828,136,-9999,13.6
20090829,4,-9999,0.4
20090830,0,-9999,0
20090831,0,-9999,0
20090901,42,-9999,4.2
20090902,1,-9999,0.1
20090903,0,-9999,0
20090904,34,-9999,3.4
20090905,1,-9999,0.1
20090906,0,-9999,0
20090907,0,-9999,0
20090908,0,-9999,0
20090909,0,-9999,0
20090910,0,-9999,0
20090911,0,-9999,0
20090912,0,-9999,0
20090913,0,-9999,0
20090914,0,-9999,0
20090915,55,-9999,5.5
20090916,80,-9999,8
20090917,30,-9999,3
20090918,278,-9999,27.8
20090919,21,-9999,2.1
20090920,139,-9999,13.9
20090921,38,-9999,3.8
20090922,1,-9999,0.1
20090923,0,-9999,0
20090924,0,-9999,0
20090925,0,-9999,0
20090926,0,-9999,0
20090927,0,-9999,0
20090928,0,-9999,0
20090929,0,-9999,0
20090930,0,-9999,0
20091001,21,-9999,2.1
20091002,0,-9999,0
20091003,0,-9999,0
20091004,0,-9999,0
20091005,0,-9999,0
20091006,0,-9999,0
20091007,5,-9999,0.5
20091008,43,-9999,4.3
20091009,0,-9999,0
20091010,28,-9999,2.8
20091011,160,-9999,16
20091012,25,-9999,2.5
20091013,0,-9999,0
20091014,0,-9999,0
20091015,0,-9999,0
20091016,0,-9999,0
20091017,0,-9999,0
20091018,0,-9999,0
20091019,0,-9999,0
20091020,59,-9999,5.9
20091021,0,-9999,0
20091022,229,-9999,22.9
20091023,17,-9999,1.7
20091024,1,-9999,0.1
20091025,23,-9999,2.3
20091026,1,-9999,0.1
20091027,0,-9999,0
20091028,3,-9999,0.3
20091029,6,-9999,0.6
20091030,0,-9999,0
20091031,0,-9999,0
20091101,179,-9999,17.9
20091102,0,-9999,0
20091103,0,-9999,0
20091104,13,-9999,1.3
20091105,80,-9999,8
20091106,162,-9999,16.2
20091107,131,-9999,13.1
20091108,353,-9999,35.3
20091109,236,-9999,23.6
20091110,8,-9999,0.8
20091111,7,-9999,0.7
20091112,0,-9999,0
20091113,0,-9999,0
20091114,1,-9999,0.1
20091115,6,-9999,0.6
20091116,0,-9999,0
20091117,18,-9999,1.8
20091118,0,-9999,0
20091119,0,-9999,0
20091120,0,-9999,0
20091121,0,-9999,0
20091122,0,-9999,0
20091123,0,-9999,0
20091124,0,-9999,0
20091125,12,-9999,1.2
20091126,0,-9999,0
20091127,0,-9999,0
20091128,0,-9999,0
20091129,39,-9999,3.9
20091130,49,-9999,4.9
20091201,16,-9999,1.6
20091202,7,-9999,0.7
20091203,28,-9999,2.8
20091204,2,-9999,0.2
20091205,0,-9999,0
20091206,0,-9999,0
20091207,0,-9999,0
20091208,0,-9999,0
20091209,0,-9999,0
20091210,0,-9999,0
20091211,0,-9999,0
20091212,0,-9999,0
20091213,3,-9999,0.3
20091214,68,-9999,6.8
20091215,28,-9999,2.8
20091216,4,-9999,0.4
20091217,6,-9999,0.6
20091218,111,-9999,11.1
20091219,19,-9999,1.9
20091220,0,-9999,0
20091221,0,-9999,0
20091222,55,-9999,5.5
20091223,82,-9999,8.2
20091224,5,-9999,0.5
20091225,25,-9999,2.5
20091226,37,-9999,3.7
20091227,11,-9999,1.1
20091228,36,-9999,3.6
20091229,7,-9999,0.7
20091230,17,-9999,1.7
20091231,7,-9999,0.7
20100101,0,-9999,0
20100102,0,-9999,0
20100103,45,-9999,4.5
20100104,7,-9999,0.7
20100105,11,-9999,1.1
20100106,1,-9999,0.1
20100107,23,-9999,2.3
20100108,151,-9999,15.1
20100109,50,-9999,5
20100110,2,-9999,0.2
20100111,0,-9999,0
20100112,70,-9999,7
20100113,19,-9999,1.9
20100114,182,-9999,18.2
20100115,10,-9999,1
20100116,1,-9999,0.1
20100117,20,-9999,2
20100118,0,-9999,0
20100119,26,-9999,2.6
20100120,5,-9999,0.5
20100121,0,-9999,0
20100122,0,-9999,0
20100123,27,-9999,2.7
20100124,226,-9999,22.6
20100125,21,-9999,2.1
20100126,10,-9999,1
20100127,1,-9999,0.1
20100128,51,-9999,5.1
20100129,189,-9999,18.9
20100130,294,-9999,29.4
20100131,81,-9999,8.1
20100201,50,-9999,5
20100202,0,-9999,0
20100203,0,-9999,0
20100204,22,-9999,2.2
20100205,0,-9999,0
20100206,31,-9999,3.1
20100207,61,-9999,6.1
20100208,83,-9999,8.3
20100209,82,-9999,8.2
20100210,11,-9999,1.1
20100211,214,-9999,21.4
20100212,41,-9999,4.1
20100213,22,-9999,2.2
20100214,36,-9999,3.6
20100215,0,-9999,0
20100216,0,-9999,0
20100217,18,-9999,1.8
20100218,0,-9999,0
20100219,15,-9999,1.5
20100220,0,-9999,0
20100221,0,-9999,0
20100222,0,-9999,0
20100223,0,-9999,0
20100224,5,-9999,0.5
20100225,1,-9999,0.1
20100226,0,-9999,0
20100227,16,-9999,1.6
20100228,0,-9999,0
20100301,0,-9999,0
20100302,0,-9999,0
20100303,5,-9999,0.5
20100304,2,-9999,0.2
20100305,0,-9999,0
20100306,0,-9999,0
20100307,0,-9999,0
20100308,86,-9999,8.6
20100309,0,-9999,0
20100310,6,-9999,0.6
20100311,11,-9999,1.1
20100312,0,-9999,0
20100313,4,-9999,0.4
20100314,0,-9999,0
20100315,0,-9999,0
20100316,0,-9999,0
20100317,0,-9999,0
20100318,0,-9999,0
20100319,30,-9999,3
20100320,22,-9999,2.2
20100321,0,-9999,0
20100322,0,-9999,0
20100323,21,-9999,2.1
20100324,0,-9999,0
20100325,1,-9999,0.1
20100326,0,-9999,0
20100327,0,-9999,0
20100328,0,-9999,0
20100329,11,-9999,1.1
20100330,6,-9999,0.6
20100331,18,-9999,1.8
20100401,0,-9999,0
20100402,0,-9999,0
20100403,1,-9999,0.1
20100404,2,-9999,0.2
20100405,0,-9999,0
20100406,0,-9999,0
20100407,47,-9999,4.7
20100408,0,-9999,0
20100409,0,-9999,0
20100410,0,-9999,0
20100411,0,-9999,0
20100412,0,-9999,0
20100413,0,-9999,0
20100414,0,-9999,0
20100415,0,-9999,0
20100416,0,-9999,0
20100417,0,-9999,0
20100418,15,-9999,1.5
20100419,6,-9999,0.6
20100420,0,-9999,0
20100421,0,-9999,0
20100422,19,-9999,1.9
20100423,1,-9999,0.1
20100424,0,-9999,0
20100425,0,-9999,0
20100426,0,-9999,0
20100427,0,-9999,0
20100428,0,-9999,0
20100429,13,-9999,1.3
20100430,15,-9999,1.5
20100501,16,-9999,1.6
20100502,1,-9999,0.1
20100503,219,-9999,21.9
20100504,28,-9999,2.8
20100505,14,-9999,1.4
20100506,7,-9999,0.7
20100507,73,-9999,7.3
20100508,0,-9999,0
20100509,0,-9999,0
20100510,0,-9999,0
20100511,13,-9999,1.3
20100512,5,-9999,0.5
20100513,26,-9999,2.6
20100514,75,-9999,7.5
20100515,44,-9999,4.4
20100516,0,-9999,0
20100517,0,-9999,0
20100518,0,-9999,0
20100519,0,-9999,0
20100520,0,-9999,0
20100521,0,-9999,0
20100522,0,-9999,0
20100523,0,-9999,0
20100524,12,-9999,1.2
20100525,0,-9999,0
20100526,0,-9999,0
20100527,2,-9999,0.2
20100528,53,-9999,5.3
20100529,0,-9999,0
20100530,0,-9999,0
20100531,0,-9999,0
20100601,0,-9999,0
20100602,0,-9999,0
20100603,0,-9999,0
20100604,0,-9999,0
20100605,50,-9999,5
20100606,136,-9999,13.6
20100607,0,-9999,0
20100608,7,-9999,0.7
20100609,306,-9999,30.6
20100610,166,-9999,16.6
20100611,101,-9999,10.1
20100612,137,-9999,13.7
20100613,9,-9999,0.9
20100614,55,-9999,5.5
20100615,180,-9999,18
20100616,409,-9999,40.9
20100617,0,-9999,0
20100618,0,-9999,0
20100619,97,-9999,9.7
20100620,10,-9999,1
20100621,0,-9999,0
20100622,0,-9999,0
20100623,0,-9999,0
20100624,0,-9999,0
20100625,0,-9999,0
20100626,9,-9999,0.9
20100627,0,-9999,0
20100628,0,-9999,0
20100629,0,-9999,0
20100630,0,-9999,0
20100701,41,-9999,4.1
20100702,51,-9999,5.1
20100703,26,-9999,2.6
20100704,13,-9999,1.3
20100705,0,-9999,0
20100706,17,-9999,1.7
20100707,0,-9999,0
20100708,0,-9999,0
20100709,0,-9999,0
20100710,0,-9999,0
20100711,2,-9999,0.2
20100712,1,-9999,0.1
20100713,1,-9999,0.1
20100714,11,-9999,1.1
20100715,1,-9999,0.1
20100716,34,-9999,3.4
20100717,6,-9999,0.6
20100718,0,-9999,0
20100719,0,-9999,0
20100720,2,-9999,0.2
20100721,28,-9999,2.8
20100722,1,-9999,0.1
20100723,0,-9999,0
20100724,0,-9999,0
20100725,0,-9999,0
20100726,0,-9999,0
20100727,0,-9999,0
20100728,0,-9999,0
20100729,0,-9999,0
20100730,0,-9999,0
20100731,0,-9999,0
20100801,52,-9999,5.2
20100802,72,-9999,7.2
20100803,0,-9999,0
20100804,1,-9999,0.1
20100805,91,-9999,9.1
20100806,0,-9999,0
20100807,0,-9999,0
20100808,2,-9999,0.2
20100809,3,-9999,0.3
20100810,0,-9999,0
20100811,0,-9999,0
20100812,76,-9999,7.6
20100813,32,-9999,3.2
20100814,42,-9999,4.2
20100815,0,-9999,0
20100816,0,-9999,0
20100817,0,-9999,0
20100818,0,-9999,0
20100819,19,-9999,1.9
20100820,4,-9999,0.4
20100821,0,-9999,0
20100822,0,-9999,0
20100823,0,-9999,0
20100824,57,-9999,5.7
20100825,0,-9999,0
20100826,0,-9999,0
20100827,5,-9999,0.5
20100828,30,-9999,3
20100829,0,-9999,0
20100830,0,-9999,0
20100831,0,-9999,0
20100901,0,-9999,0
20100902,1,-9999,0.1
20100903,0,-9999,0
20100904,0,-9999,0
20100905,0,-9999,0
20100906,16,-9999,1.6
20100907,132,-9999,13.2
20100908,46,-9999,4.6
20100909,9,-9999,0.9
20100910,0,-9999,0
20100911,0,-9999,0
20100912,7,-9999,0.7
20100913,0,-9999,0
20100914,0,-9999,0
20100915,0,-9999,0
20100916,32,-9999,3.2
20100917,73,-9999,7.3
20100918,1,-9999,0.1
20100919,0,-9999,0
20100920,0,-9999,0
20100921,0,-9999,0
20100922,0,-9999,0
20100923,7,-9999,0.7
20100924,123,-9999,12.3
20100925,154,-9999,15.4
20100926,2,-9999,0.2
20100927,0,-9999,0
20100928,0,-9999,0
20100929,0,-9999,0
20100930,13,-9999,1.3
20101001,0,-9999,0
20101002,0,-9999,0
20101003,11,-9999,1.1
20101004,26,-9999,2.6
20101005,0,-9999,0
20101006,0,-9999,0
20101007,48,-9999,4.8
20101008,0,-9999,0
20101009,83,-9999,8.3
20101010,39,-9999,3.9
20101011,91,-9999,9.1
20101012,24,-9999,2.4
20101013,2,-9999,0.2
20101014,0,-9999,0
20101015,6,-9999,0.6
20101016,89,-9999,8.9
20101017,33,-9999,3.3
20101018,0,-9999,0
20101019,0,-9999,0
20101020,2,-9999,0.2
20101021,0,-9999,0
20101022,0,-9999,0
20101023,0,-9999,0
20101024,380,-9999,38
20101025,72,-9999,7.2
20101026,0,-9999,0
20101027,0,-9999,0
20101028,0,-9999,0
20101029,71,-9999,7.1
20101030,1,-9999,0.1
20101031,130,-9999,13
20101101,297,-9999,29.7
20101102,15,-9999,1.5
20101103,0,-9999,0
20101104,1,-9999,0.1
20101105,2,-9999,0.2
20101106,3,-9999,0.3
20101107,215,-9999,21.5
20101108,78,-9999,7.8
20101109,78,-9999,7.8
20101110,269,-9999,26.9
20101111,0,-9999,0
20101112,0,-9999,0
20101113,0,-9999,0
20101114,102,-9999,10.2
20101115,37,-9999,3.7
20101116,0,-9999,0
20101117,2,-9999,0.2
20101118,0,-9999,0
20101119,0,-9999,0
20101120,26,-9999,2.6
20101121,250,-9999,25
20101122,59,-9999,5.9
20101123,13,-9999,1.3
20101124,0,-9999,0
20101125,73,-9999,7.3
20101126,29,-9999,2.9
20101127,0,-9999,0
20101128,9,-9999,0.9
20101129,0,-9999,0
20101130,0,-9999,0
20101201,71,-9999,7.1
20101202,0,-9999,0
20101203,93,-9999,9.3
20101204,0,-9999,0
20101205,0,-9999,0
20101206,6,-9999,0.6
20101207,113,-9999,11.3
20101208,22,-9999,2.2
20101209,86,-9999,8.6
20101210,0,-9999,0
20101211,0,-9999,0
20101212,0,-9999,0
20101213,25,-9999,2.5
20101214,0,-9999,0
20101215,18,-9999,1.8
20101216,0,-9999,0
20101217,40,-9999,4
20101218,0,-9999,0
20101219,0,-9999,0
20101220,0,-9999,0
20101221,80,-9999,8
20101222,130,-9999,13
20101223,218,-9999,21.8
20101224,131,-9999,13.1
20101225,30,-9999,3
20101226,0,-9999,0
20101227,0,-9999,0
20101228,0,-9999,0
20101229,0,-9999,0
20101230,0,-9999,0
20101231,0,-9999,0
20110101,3,-9999,0.3
20110102,97,-9999,9.7
20110103,0,-9999,0
20110104,2,-9999,0.2
20110105,5,-9999,0.5
20110106,0,-9999,0
20110107,0,-9999,0
20110108,0,-9999,0
20110109,15,-9999,1.5
20110110,0,-9999,0
20110111,30,-9999,3
20110112,1,-9999,0.1
20110113,0,-9999,0
20110114,0,-9999,0
20110115,0,-9999,0
20110116,0,-9999,0
20110117,0,-9999,0
20110118,59,-9999,5.9
20110119,11,-9999,1.1
20110120,0,-9999,0
20110121,0,-9999,0
20110122,0,-9999,0
20110123,1,-9999,0.1
20110124,0,-9999,0
20110125,0,-9999,0
20110126,0,-9999,0
20110127,0,-9999,0
20110128,0,-9999,0
20110129,6,-9999,0.6
20110130,47,-9999,4.7
20110131,2,-9999,0.2
20110201,0,-9999,0
20110202,40,-9999,4
20110203,0,-9999,0
20110204,0,-9999,0
20110205,0,-9999,0
20110206,0,-9999,0
20110207,0,-9999,0
20110208,0,-9999,0
20110209,0,-9999,0
20110210,0,-9999,0
20110211,0,-9999,0
20110212,0,-9999,0
20110213,90,-9999,9
20110214,17,-9999,1.7
20110215,0,-9999,0
20110216,0,-9999,0
20110217,0,-9999,0
20110218,0,-9999,0
20110219,121,-9999,12.1
20110220,18,-9999,1.8
20110221,131,-9999,13.1
20110222,186,-9999,18.6
20110223,56,-9999,5.6
20110224,0,-9999,0
20110225,0,-9999,0
20110226,18,-9999,1.8
20110227,118,-9999,11.8
20110228,185,-9999,18.5
20110301,219,-9999,21.9
20110302,45,-9999,4.5
20110303,35,-9999,3.5
20110304,0,-9999,0
20110305,0,-9999,0
20110306,0,-9999,0
20110307,0,-9999,0
20110308,0,-9999,0
20110309,0,-9999,0
20110310,0,-9999,0
20110311,0,-9999,0
20110312,0,-9999,0
20110313,0,-9999,0
20110314,0,-9999,0
20110315,43,-9999,4.3
20110316,143,-9999,14.3
20110317,2,-9999,0.2
20110318,0,-9999,0
20110319,0,-9999,0
20110320,0,-9999,0
20110321,0,-9999,0
20110322,0,-9999,0
20110323,0,-9999,0
20110324,0,-9999,0
20110325,0,-9999,0
20110326,1,-9999,0.1
20110327,66,-9999,6.6
20110328,6,-9999,0.6
20110329,85,-9999,8.5
20110330,49,-9999,4.9
20110331,0,-9999,0
20110401,0,-9999,0
20110402,17,-9999,1.7
20110403,74,-9999,7.4
20110404,7,-9999,0.7
20110405,0,-9999,0
20110406,0,-9999,0
20110407,0,-9999,0
20110408,0,-9999,0
20110409,0,-9999,0
20110410,133,-9999,13.3
20110411,103,-9999,10.3
20110412,65,-9999,6.5
20110413,0,-9999,0
20110414,0,-9999,0
20110415,0,-9999,0
20110416,0,-9999,0
20110417,0,-9999,0
20110418,0,-9999,0
20110419,0,-9999,0
20110420,49,-9999,4.9
20110421,14,-9999,1.4
20110422,0,-9999,0
20110423,7,-9999,0.7
20110424,101,-9999,10.1
20110425,5,-9999,0.5
20110426,0,-9999,0
20110427,0,-9999,0
20110428,0,-9999,0
20110429,0,-9999,0
20110430,92,-9999,9.2
20110501,75,-9999,7.5
20110502,6,-9999,0.6
20110503,82,-9999,8.2
20110504,0,-9999,0
20110505,0,-9999,0
20110506,0,-9999,0
20110507,7,-9999,0.7
20110508,0,-9999,0
20110509,0,-9999,0
20110510,0,-9999,0
20110511,11,-9999,1.1
20110512,5,-9999,0.5
20110513,85,-9999,8.5
20110514,128,-9999,12.8
20110515,2,-9999,0.2
20110516,0,-9999,0
20110517,0,-9999,0
20110518,0,-9999,0
20110519,1,-9999,0.1
20110520,0,-9999,0
20110521,6,-9999,0.6
20110522,33,-9999,3.3
20110523,0,-9999,0
20110524,0,-9999,0
20110525,26,-9999,2.6
20110526,139,-9999,13.9
20110527,52,-9999,5.2
20110528,0,-9999,0
20110529,11,-9999,1.1
20110530,328,-9999,32.8
20110531,149,-9999,14.9
20110601,1,-9999,0.1
20110602,7,-9999,0.7
20110603,0,-9999,0
20110604,0,-9999,0
20110605,0,-9999,0
20110606,123,-9999,12.3
20110607,87,-9999,8.7
20110608,4,-9999,0.4
20110609,22,-9999,2.2
20110610,21,-9999,2.1
20110611,0,-9999,0
20110612,0,-9999,0
20110613,0,-9999,0
20110614,0,-9999,0
20110615,0,-9999,0
20110616,48,-9999,4.8
20110617,24,-9999,2.4
20110618,31,-9999,3.1
20110619,0,-9999,0
20110620,0,-9999,0
20110621,0,-9999,0
20110622,69,-9999,6.9
20110623,1,-9999,0.1
20110624,0,-9999,0
20110625,0,-9999,0
20110626,0,-9999,0
20110627,14,-9999,1.4
20110628,91,-9999,9.1
20110629,52,-9999,5.2
20110630,0,-9999,0
20110701,0,-9999,0
20110702,9,-9999,0.9
20110703,34,-9999,3.4
20110704,2,-9999,0.2
20110705,2,-9999,0.2
20110706,10,-9999,1
20110707,0,-9999,0
20110708,0,-9999,0
20110709,0,-9999,0
20110710,15,-9999,1.5
20110711,14,-9999,1.4
20110712,78,-9999,7.8
20110713,68,-9999,6.8
20110714,0,-9999,0
20110715,0,-9999,0
20110716,5,-9999,0.5
20110717,116,-9999,11.6
20110718,31,-9999,3.1
20110719,80,-9999,8
20110720,1,-9999,0.1
20110721,49,-9999,4.9
20110722,5,-9999,0.5
20110723,0,-9999,0
20110724,16,-9999,1.6
20110725,45,-9999,4.5
20110726,57,-9999,5.7
20110727,32,-9999,3.2
20110728,1,-9999,0.1
20110729,0,-9999,0
20110730,0,-9999,0
20110731,0,-9999,0
20110801,0,-9999,0
20110802,18,-9999,1.8
20110803,0,-9999,0
20110804,0,-9999,0
20110805,0,-9999,0
20110806,38,-9999,3.8
20110807,16,-9999,1.6
20110808,4,-9999,0.4
20110809,0,-9999,0
20110810,0,-9999,0
20110811,0,-9999,0
20110812,0,-9999,0
20110813,0,-9999,0
20110814,0,-9999,0
20110815,3,-9999,0.3
20110816,1,-9999,0.1
20110817,78,-9999,7.8
20110818,54,-9999,5.4
20110819,24,-9999,2.4
20110820,30,-9999,3
20110821,2,-9999,0.2
20110822,40,-9999,4
20110823,26,-9999,2.6
20110824,104,-9999,10.4
20110825,2,-9999,0.2
20110826,102,-9999,10.2
20110827,0,-9999,0
20110828,0,-9999,0
20110829,0,-9999,0
20110830,0,-9999,0
20110831,50,-9999,5
20110901,10,-9999,1
20110902,2,-9999,0.2
20110903,31,-9999,3.1
20110904,30,-9999,3
20110905,1,-9999,0.1
20110906,0,-9999,0
20110907,0,-9999,0
20110908,0,-9999,0
20110909,0,-9999,0
20110910,0,-9999,0
20110911,0,-9999,0
20110912,0,-9999,0
20110913,46,-9999,4.6
20110914,28,-9999,2.8
20110915,0,-9999,0
20110916,27,-9999,2.7
20110917,62,-9999,6.2
20110918,59,-9999,5.9
20110919,0,-9999,0
20110920,0,-9999,0
20110921,0,-9999,0
20110922,0,-9999,0
20110923,0,-9999,0
20110924,3,-9999,0.3
20110925,0,-9999,0
20110926,0,-9999,0
20110927,0,-9999,0
20110928,0,-9999,0
20110929,0,-9999,0
20110930,0,-9999,0
20111001,0,-9999,0
20111002,0,-9999,0
20111003,0,-9999,0
20111004,0,-9999,0
20111005,0,-9999,0
20111006,50,-9999,5
20111007,175,-9999,17.5
20111008,66,-9999,6.6
20111009,46,-9999,4.6
20111010,0,-9999,0
20111011,0,-9999,0
20111012,0,-9999,0
20111013,0,-9999,0
20111014,0,-9999,0
20111015,0,-9999,0
20111016,0,-9999,0
20111017,0,-9999,0
20111018,0,-9999,0
20111019,154,-9999,15.4
20111020,7,-9999,0.7
20111021,0,-9999,0
20111022,0,-9999,0
20111023,0,-9999,0
20111024,8,-9999,0.8
20111025,0,-9999,0
20111026,0,-9999,0
20111027,127,-9999,12.7
20111028,25,-9999,2.5
20111029,0,-9999,0
20111030,0,-9999,0
20111031,0,-9999,0
20111101,74,-9999,7.4
20111102,21,-9999,2.1
20111103,23,-9999,2.3
20111104,70,-9999,7
20111105,507,-9999,50.7
20111106,71,-9999,7.1
20111107,111,-9999,11.1
20111108,0,-9999,0
20111109,0,-9999,0
20111110,0,-9999,0
20111111,0,-9999,0
20111112,0,-9999,0
20111113,0,-9999,0
20111114,18,-9999,1.8
20111115,1,-9999,0.1
20111116,0,-9999,0
20111117,0,-9999,0
20111118,0,-9999,0
20111119,0,-9999,0
20111120,0,-9999,0
20111121,0,-9999,0
20111122,16,-9999,1.6
20111123,4,-9999,0.4
20111124,0,-9999,0
20111125,0,-9999,0
20111126,0,-9999,0
20111127,0,-9999,0
20111128,0,-9999,0
20111129,0,-9999,0
20111130,0,-9999,0
20111201,0,-9999,0
20111202,146,-9999,14.6
20111203,0,-9999,0
20111204,0,-9999,0
20111205,55,-9999,5.5
20111206,3,-9999,0.3
20111207,0,-9999,0
20111208,0,-9999,0
20111209,0,-9999,0
20111210,0,-9999,0
20111211,0,-9999,0
20111212,2,-9999,0.2
20111213,0,-9999,0
20111214,0,-9999,0
20111215,0,-9999,0
20111216,74,-9999,7.4
20111217,235,-9999,23.5
20111218,186,-9999,18.6
20111219,6,-9999,0.6
20111220,113,-9999,11.3
20111221,82,-9999,8.2
20111222,20,-9999,2
20111223,62,-9999,6.2
20111224,10,-9999,1
20111225,0,-9999,0
20111226,0,-9999,0
20111227,0,-9999,0
20111228,41,-9999,4.1
20111229,38,-9999,3.8
20111230,0,-9999,0
20111231,0,-9999,0
20120101,0,-9999,0
20120102,38,-9999,3.8
20120103,0,-9999,0
20120104,72,-9999,7.2
20120105,0,-9999,0
20120106,229,-9999,22.9
20120107,45,-9999,4.5
20120108,3,-9999,0.3
20120109,0,-9999,0
20120110,0,-9999,0
20120111,0,-9999,0
20120112,0,-9999,0
20120113,0,-9999,0
20120114,0,-9999,0
20120115,0,-9999,0
20120116,34,-9999,3.4
20120117,0,-9999,0
20120118,3,-9999,0.3
20120119,33,-9999,3.3
20120120,72,-9999,7.2
20120121,27,-9999,2.7
20120122,5,-9999,0.5
20120123,57,-9999,5.7
20120124,22,-9999,2.2
20120125,0,-9999,0
20120126,12,-9999,1.2
20120127,51,-9999,5.1
20120128,55,-9999,5.5
20120129,62,-9999,6.2
20120130,0,-9999,0
20120131,4,-9999,0.4
20120201,116,-9999,11.6
20120202,147,-9999,14.7
20120203,0,-9999,0
20120204,71,-9999,7.1
20120205,204,-9999,20.4
20120206,267,-9999,26.7
20120207,22,-9999,2.2
20120208,52,-9999,5.2
20120209,0,-9999,0
20120210,0,-9999,0
20120211,0,-9999,0
20120212,0,-9999,0
20120213,63,-9999,6.3
20120214,175,-9999,17.5
20120215,71,-9999,7.1
20120216,48,-9999,4.8
20120217,0,-9999,0
20120218,0,-9999,0
20120219,75,-9999,7.5
20120220,0,-9999,0
20120221,0,-9999,0
20120222,0,-9999,0
20120223,0,-9999,0
20120224,0,-9999,0
20120225,0,-9999,0
20120226,2,-9999,0.2
20120227,0,-9999,0
20120228,0,-9999,0
20120229,0,-9999,0
20120301,0,-9999,0
20120302,0,-9999,0
20120303,0,-9999,0
20120304,75,-9999,7.5
20120305,4,-9999,0.4
20120306,17,-9999,1.7
20120307,38,-9999,3.8
20120308,58,-9999,5.8
20120309,0,-9999,0
20120310,0,-9999,0
20120311,0,-9999,0
20120312,0,-9999,0
20120313,0,-9999,0
20120314,0,-9999,0
20120315,0,-9999,0
20120316,0,-9999,0
20120317,6,-9999,0.6
20120318,22,-9999,2.2
20120319,50,-9999,5
20120320,10,-9999,1
20120321,22,-9999,2.2
20120322,0,-9999,0
20120323,0,-9999,0
20120324,0,-9999,0
20120325,0,-9999,0
20120326,0,-9999,0
20120327,0,-9999,0
20120328,0,-9999,0
20120329,0,-9999,0
20120330,0,-9999,0
20120331,0,-9999,0
20120401,0,-9999,0
20120402,0,-9999,0
20120403,46,-9999,4.6
20120404,6,-9999,0.6
20120405,14,-9999,1.4
20120406,7,-9999,0.7
20120407,165,-9999,16.5
20120408,0,-9999,0
20120409,0,-9999,0
20120410,36,-9999,3.6
20120411,0,-9999,0
20120412,89,-9999,8.9
20120413,51,-9999,5.1
20120414,157,-9999,15.7
20120415,143,-9999,14.3
20120416,30,-9999,3
20120417,8,-9999,0.8
20120418,69,-9999,6.9
20120419,44,-9999,4.4
20120420,25,-9999,2.5
20120421,55,-9999,5.5
20120422,0,-9999,0
20120423,45,-9999,4.5
20120424,0,-9999,0
20120425,9,-9999,0.9
20120426,2,-9999,0.2
20120427,148,-9999,14.8
20120428,148,-9999,14.8
20120429,12,-9999,1.2
20120430,13,-9999,1.3
20120501,0,-9999,0
20120502,0,-9999,0
20120503,27,-9999,2.7
20120504,0,-9999,0
20120505,18,-9999,1.8
20120506,20,-9999,2
20120507,10,-9999,1
20120508,70,-9999,7
20120509,0,-9999,0
20120510,0,-9999,0
20120511,8,-9999,0.8
20120512,38,-9999,3.8
20120513,1,-9999,0.1
20120514,0,-9999,0
20120515,0,-9999,0
20120516,0,-9999,0
20120517,3,-9999,0.3
20120518,38,-9999,3.8
20120519,195,-9999,19.5
20120520,85,-9999,8.5
20120521,60,-9999,6
20120522,59,-9999,5.9
20120523,0,-9999,0
20120524,0,-9999,0
20120525,0,-9999,0
20120526,0,-9999,0
20120527,0,-9999,0
20120528,0,-9999,0
20120529,0,-9999,0
20120530,0,-9999,0
20120531,1,-9999,0.1
20120601,13,-9999,1.3
20120602,0,-9999,0
20120603,58,-9999,5.8
20120604,0,-9999,0
20120605,0,-9999,0
20120606,0,-9999,0
20120607,8,-9999,0.8
20120608,33,-9999,3.3
20120609,0,-9999,0
20120610,38,-9999,3.8
20120611,36,-9999,3.6
20120612,3,-9999,0.3
20120613,1,-9999,0.1
20120614,0,-9999,0
20120615,0,-9999,0
20120616,13,-9999,1.3
20120617,0,-9999,0
20120618,45,-9999,4.5
20120619,35,-9999,3.5
20120620,2,-9999,0.2
20120621,0,-9999,0
20120622,0,-9999,0
20120623,0,-9999,0
20120624,0,-9999,0
20120625,0,-9999,0
20120626,0,-9999,0
20120627,2,-9999,0.2
20120628,44,-9999,4.4
20120629,2,-9999,0.2
20120630,1,-9999,0.1
20120701,17,-9999,1.7
20120702,0,-9999,0
20120703,0,-9999,0
20120704,11,-9999,1.1
20120705,37,-9999,3.7
20120706,0,-9999,0
20120707,0,-9999,0
20120708,0,-9999,0
20120709,2,-9999,0.2
20120710,27,-9999,2.7
20120711,32,-9999,3.2
20120712,0,-9999,0
20120713,5,-9999,0.5
20120714,31,-9999,3.1
20120715,0,-9999,0
20120716,0,-9999,0
20120717,0,-9999,0
20120718,0,-9999,0
20120719,0,-9999,0
20120720,42,-9999,4.2
20120721,3,-9999,0.3
20120722,0,-9999,0
20120723,0,-9999,0
20120724,0,-9999,0
20120725,0,-9999,0
20120726,158,-9999,15.8
20120727,28,-9999,2.8
20120728,28,-9999,2.8
20120729,8,-9999,0.8
20120730,0,-9999,0
20120731,0,-9999,0
20120801,0,-9999,0
20120802,6,-9999,0.6
20120803,1,-9999,0.1
20120804,24,-9999,2.4
20120805,42,-9999,4.2
20120806,0,-9999,0
20120807,0,-9999,0
20120808,0,-9999,0
20120809,0,-9999,0
20120810,0,-9999,0
20120811,0,-9999,0
20120812,0,-9999,0
20120813,0,-9999,0
20120814,0,-9999,0
20120815,0,-9999,0
20120816,0,-9999,0
20120817,0,-9999,0
20120818,0,-9999,0
20120819,0,-9999,0
20120820,0,-9999,0
20120821,2,-9999,0.2
20120822,3,-9999,0.3
20120823,0,-9999,0
20120824,0,-9999,0
20120825,58,-9999,5.8
20120826,0,-9999,0
20120827,0,-9999,0
20120828,0,-9999,0
20120829,32,-9999,3.2
20120830,31,-9999,3.1
20120831,2,-9999,0.2
20120901,0,-9999,0
20120902,2,-9999,0.2
20120903,17,-9999,1.7
20120904,3,-9999,0.3
20120905,1,-9999,0.1
20120906,0,-9999,0
20120907,0,-9999,0
20120908,0,-9999,0
20120909,9,-9999,0.9
20120910,2,-9999,0.2
20120911,1,-9999,0.1
20120912,242,-9999,24.2
20120913,27,-9999,2.7
20120914,0,-9999,0
20120915,0,-9999,0
20120916,0,-9999,0
20120917,0,-9999,0
20120918,51,-9999,5.1
20120919,63,-9999,6.3
20120920,0,-9999,0
20120921,0,-9999,0
20120922,0,-9999,0
20120923,0,-9999,0
20120924,55,-9999,5.5
20120925,163,-9999,16.3
20120926,12,-9999,1.2
20120927,0,-9999,0
20120928,46,-9999,4.6
20120929,166,-9999,16.6
20120930,4,-9999,0.4
20121001,0,-9999,0
20121002,0,-9999,0
20121003,0,-9999,0
20121004,0,-9999,0
20121005,0,-9999,0
20121006,4,-9999,0.4
20121007,0,-9999,0
20121008,0,-9999,0
20121009,0,-9999,0
20121010,4,-9999,0.4
20121011,122,-9999,12.2
20121012,55,-9999,5.5
20121013,0,-9999,0
20121014,49,-9999,4.9
20121015,12,-9999,1.2
20121016,12,-9999,1.2
20121017,5,-9999,0.5
20121018,53,-9999,5.3
20121019,85,-9999,8.5
20121020,107,-9999,10.7
20121021,71,-9999,7.1
20121022,0,-9999,0
20121023,0,-9999,0
20121024,58,-9999,5.8
20121025,0,-9999,0
20121026,128,-9999,12.8
20121027,336,-9999,33.6
20121028,89,-9999,8.9
20121029,0,-9999,0
20121030,0,-9999,0
20121031,0,-9999,0
20121101,16,-9999,1.6
20121102,0,-9999,0
20121103,29,-9999,2.9
20121104,71,-9999,7.1
20121105,6,-9999,0.6
20121106,23,-9999,2.3
20121107,0,-9999,0
20121108,2,-9999,0.2
20121109,17,-9999,1.7
20121110,36,-9999,3.6
20121111,12,-9999,1.2
20121112,8,-9999,0.8
20121113,0,-9999,0
20121114,0,-9999,0
20121115,0,-9999,0
20121116,2,-9999,0.2
20121117,2,-9999,0.2
20121118,90,-9999,9
20121119,0,-9999,0
20121120,0,-9999,0
20121121,27,-9999,2.7
20121122,0,-9999,0
20121123,0,-9999,0
20121124,0,-9999,0
20121125,65,-9999,6.5
20121126,36,-9999,3.6
20121127,24,-9999,2.4
20121128,221,-9999,22.1
20121129,235,-9999,23.5
20121130,9,-9999,0.9
20121201,8,-9999,0.8
20121202,0,-9999,0
20121203,1,-9999,0.1
20121204,67,-9999,6.7
20121205,63,-9999,6.3
20121206,0,-9999,0
20121207,172,-9999,17.2
20121208,57,-9999,5.7
20121209,1,-9999,0.1
20121210,0,-9999,0
20121211,2,-9999,0.2
20121212,0,-9999,0
20121213,51,-9999,5.1
20121214,66,-9999,6.6
20121215,0,-9999,0
20121216,36,-9999,3.6
20121217,0,-9999,0
20121218,17,-9999,1.7
20121219,0,-9999,0
20121220,0,-9999,0
20121221,0,-9999,0
20121222,0,-9999,0
20121223,0,-9999,0
20121224,0,-9999,0
20121225,13,-9999,1.3
20121226,1,-9999,0.1
20121227,0,-9999,0
20121228,0,-9999,0
20121229,0,-9999,0
20121230,0,-9999,0
20121231,0,-9999,0
20130101,88,-9999,8.8
20130102,59,-9999,5.9
20130103,0,-9999,0
20130104,0,-9999,0
20130105,0,-9999,0
20130106,0,-9999,0
20130107,0,-9999,0
20130108,0,-9999,0
20130109,18,-9999,1.8
20130110,5,-9999,0.5
20130111,0,-9999,0
20130112,5,-9999,0.5
20130113,80,-9999,8
20130114,342,-9999,34.2
20130115,63,-9999,6.3
20130116,142,-9999,14.2
20130117,159,-9999,15.9
20130118,254,-9999,25.4
20130119,167,-9999,16.7
20130120,142,-9999,14.2
20130121,11,-9999,1.1
20130122,0,-9999,0
20130123,76,-9999,7.6
20130124,215,-9999,21.5
20130125,36,-9999,3.6
20130126,36,-9999,3.6
20130127,95,-9999,9.5
20130128,0,-9999,0
20130129,0,-9999,0
20130130,0,-9999,0
20130131,0,-9999,0
20130201,101,-9999,10.1
20130202,244,-9999,24.4
20130203,11,-9999,1.1
20130204,0,-9999,0
20130205,50,-9999,5
20130206,255,-9999,25.5
20130207,137,-9999,13.7
20130208,445,-9999,44.5
20130209,102,-9999,10.2
20130210,88,-9999,8.8
20130211,52,-9999,5.2
20130212,323,-9999,32.3
20130213,134,-9999,13.4
20130214,0,-9999,0
20130215,32,-9999,3.2
20130216,0,-9999,0
20130217,0,-9999,0
20130218,9,-9999,0.9
20130219,0,-9999,0
20130220,1,-9999,0.1
20130221,1,-9999,0.1
20130222,12,-9999,1.2
20130223,94,-9999,9.4
20130224,292,-9999,29.2
20130225,238,-9999,23.8
20130226,225,-9999,22.5
20130227,1,-9999,0.1
20130228,2,-9999,0.2
20130301,2,-9999,0.2
20130302,0,-9999,0
20130303,0,-9999,0
20130304,0,-9999,0
20130305,0,-9999,0
20130306,0,-9999,0
20130307,67,-9999,6.7
20130308,0,-9999,0
20130309,0,-9999,0
20130310,0,-9999,0
20130311,26,-9999,2.6
20130312,152,-9999,15.2
20130313,153,-9999,15.3
20130314,241,-9999,24.1
20130315,37,-9999,3.7
20130316,0,-9999,0
20130317,37,-9999,3.7
20130318,3,-9999,0.3
20130319,2,-9999,0.2
20130320,4,-9999,0.4
20130321,0,-9999,0
20130322,0,-9999,0
20130323,0,-9999,0
20130324,1,-9999,0.1
20130325,118,-9999,11.8
20130326,98,-9999,9.8
20130327,153,-9999,15.3
20130328,50,-9999,5
20130329,95,-9999,9.5
20130330,36,-9999,3.6
20130331,0,-9999,0
20130401,87,-9999,8.7
20130402,47,-9999,4.7
20130403,74,-9999,7.4
20130404,74,-9999,7.4
20130405,84,-9999,8.4
20130406,263,-9999,26.3
20130407,1,-9999,0.1
20130408,2,-9999,0.2
20130409,15,-9999,1.5
20130410,0,-9999,0
20130411,14,-9999,1.4
20130412,5,-9999,0.5
20130413,0,-9999,0
20130414,13,-9999,1.3
20130415,0,-9999,0
20130416,0,-9999,0
20130417,0,-9999,0
20130418,41,-9999,4.1
20130419,6,-9999,0.6
20130420,1,-9999,0.1
20130421,0,-9999,0
20130422,28,-9999,2.8
20130423,0,-9999,0
20130424,0,-9999,0
20130425,0,-9999,0
20130426,95,-9999,9.5
20130427,69,-9999,6.9
20130428,36,-9999,3.6
20130429,29,-9999,2.9
20130430,136,-9999,13.6
20130501,38,-9999,3.8
20130502,24,-9999,2.4
20130503,0,-9999,0
20130504,0,-9999,0
20130505,0,-9999,0
20130506,0,-9999,0
20130507,1,-9999,0.1
20130508,53,-9999,5.3
20130509,163,-9999,16.3
20130510,1,-9999,0.1
20130511,0,-9999,0
20130512,1,-9999,0.1
20130513,0,-9999,0
20130514,22,-9999,2.2
20130515,88,-9999,8.8
20130516,89,-9999,8.9
20130517,25,-9999,2.5
20130518,9,-9999,0.9
20130519,18,-9999,1.8
20130520,0,-9999,0
20130521,8,-9999,0.8
20130522,35,-9999,3.5
20130523,74,-9999,7.4
20130524,5,-9999,0.5
20130525,6,-9999,0.6
20130526,0,-9999,0
20130527,13,-9999,1.3
20130528,55,-9999,5.5
20130529,15,-9999,1.5
20130530,84,-9999,8.4
20130531,11,-9999,1.1
20130601,60,-9999,6
20130602,21,-9999,2.1
20130603,1,-9999,0.1
20130604,0,-9999,0
20130605,0,-9999,0
20130606,9,-9999,0.9
20130607,259,-9999,25.9
20130608,78,-9999,7.8
20130609,120,-9999,12
20130610,1,-9999,0.1
20130611,0,-9999,0
20130612,5,-9999,0.5
20130613,78,-9999,7.8
20130614,0,-9999,0
20130615,0,-9999,0
20130616,0,-9999,0
20130617,42,-9999,4.2
20130618,168,-9999,16.8
20130619,150,-9999,15
20130620,41,-9999,4.1
20130621,38,-9999,3.8
20130622,14,-9999,1.4
20130623,111,-9999,11.1
20130624,0,-9999,0
20130625,0,-9999,0
20130626,0,-9999,0
20130627,0,-9999,0
20130628,0,-9999,0
20130629,0,-9999,0
20130630,0,-9999,0
20130701,6,-9999,0.6
20130702,2,-9999,0.2
20130703,10,-9999,1
20130704,34,-9999,3.4
20130705,0,-9999,0
20130706,0,-9999,0
20130707,0,-9999,0
20130708,0,-9999,0
20130709,0,-9999,0
20130710,0,-9999,0
20130711,0,-9999,0
20130712,3,-9999,0.3
20130713,0,-9999,0
20130714,0,-9999,0
20130715,0,-9999,0
20130716,34,-9999,3.4
20130717,0,-9999,0
20130718,0,-9999,0
20130719,141,-9999,14.1
20130720,83,-9999,8.3
20130721,27,-9999,2.7
20130722,20,-9999,2
20130723,20,-9999,2
20130724,0,-9999,0
20130725,23,-9999,2.3
20130726,45,-9999,4.5
20130727,2,-9999,0.2
20130728,0,-9999,0
20130729,0,-9999,0
20130730,0,-9999,0
20130731,0,-9999,0
20130801,0,-9999,0
20130802,0,-9999,0
20130803,17,-9999,1.7
20130804,8,-9999,0.8
20130805,22,-9999,2.2
20130806,54,-9999,5.4
20130807,56,-9999,5.6
20130808,31,-9999,3.1
20130809,0,-9999,0
20130810,0,-9999,0
20130811,0,-9999,0
20130812,70,-9999,7
20130813,24,-9999,2.4
20130814,0,-9999,0
20130815,0,-9999,0
20130816,0,-9999,0
20130817,0,-9999,0
20130818,0,-9999,0
20130819,31,-9999,3.1
20130820,0,-9999,0
20130821,0,-9999,0
20130822,0,-9999,0
20130823,0,-9999,0
20130824,48,-9999,4.8
20130825,32,-9999,3.2
20130826,20,-9999,2
20130827,2,-9999,0.2
20130828,3,-9999,0.3
20130829,0,-9999,0
20130830,0,-9999,0
20130831,0,-9999,0
20130901,6,-9999,0.6
20130902,0,-9999,0
20130903,0,-9999,0
20130904,0,-9999,0
20130905,46,-9999,4.6
20130906,38,-9999,3.8
20130907,82,-9999,8.2
20130908,14,-9999,1.4
20130909,0,-9999,0
20130910,84,-9999,8.4
20130911,12,-9999,1.2
20130912,1,-9999,0.1
20130913,4,-9999,0.4
20130914,84,-9999,8.4
20130915,38,-9999,3.8
20130916,60,-9999,6
20130917,77,-9999,7.7
20130918,8,-9999,0.8
20130919,115,-9999,11.5
20130920,5,-9999,0.5
20130921,1,-9999,0.1
20130922,0,-9999,0
20130923,0,-9999,0
20130924,0,-9999,0
20130925,0,-9999,0
20130926,0,-9999,0
20130927,0,-9999,0
20130928,4,-9999,0.4
20130929,10,-9999,1
20130930,0,-9999,0
20131001,0,-9999,0
20131002,2,-9999,0.2
20131003,0,-9999,0
20131004,118,-9999,11.8
20131005,0,-9999,0
20131006,14,-9999,1.4
20131007,0,-9999,0
20131008,0,-9999,0
20131009,0,-9999,0
20131010,168,-9999,16.8
20131011,27,-9999,2.7
20131012,0,-9999,0
20131013,0,-9999,0
20131014,6,-9999,0.6
20131015,9,-9999,0.9
20131016,1,-9999,0.1
20131017,3,-9999,0.3
20131018,0,-9999,0
20131019,0,-9999,0
20131020,0,-9999,0
20131021,0,-9999,0
20131022,5,-9999,0.5
20131023,0,-9999,0
20131024,0,-9999,0
20131025,30,-9999,3
20131026,0,-9999,0
20131027,0,-9999,0
20131028,72,-9999,7.2
20131029,18,-9999,1.8
20131030,10,-9999,1
20131031,0,-9999,0
20131101,0,-9999,0
20131102,75,-9999,7.5
20131103,25,-9999,2.5
20131104,227,-9999,22.7
20131105,82,-9999,8.2
20131106,0,-9999,0
20131107,0,-9999,0
20131108,11,-9999,1.1
20131109,18,-9999,1.8
20131110,15,-9999,1.5
20131111,68,-9999,6.8
20131112,71,-9999,7.1
20131113,197,-9999,19.7
20131114,41,-9999,4.1
20131115,266,-9999,26.6
20131116,208,-9999,20.8
20131117,241,-9999,24.1
20131118,247,-9999,24.7
20131119,318,-9999,31.8
20131120,147,-9999,14.7
20131121,266,-9999,26.6
20131122,172,-9999,17.2
20131123,258,-9999,25.8
20131124,113,-9999,11.3
20131125,45,-9999,4.5
20131126,0,-9999,0
20131127,0,-9999,0
20131128,0,-9999,0
20131129,8,-9999,0.8
20131130,123,-9999,12.3
20131201,0,-9999,0
20131202,0,-9999,0
20131203,0,-9999,0
20131204,4,-9999,0.4
20131205,1,-9999,0.1
20131206,0,-9999,0
20131207,0,-9999,0
20131208,0,-9999,0
20131209,0,-9999,0
20131210,0,-9999,0
20131211,0,-9999,0
20131212,0,-9999,0
20131213,19,-9999,1.9
20131214,0,-9999,0
20131215,0,-9999,0
20131216,0,-9999,0
20131217,0,-9999,0
20131218,1,-9999,0.1
20131219,104,-9999,10.4
20131220,40,-9999,4
20131221,0,-9999,0
20131222,0,-9999,0
20131223,0,-9999,0
20131224,91,-9999,9.1
20131225,0,-9999,0
20131226,10,-9999,1
20131227,11,-9999,1.1
20131228,5,-9999,0.5
20131229,0,-9999,0
20131230,0,-9999,0
20131231,0,-9999,0
